Workbook
Name ARR_DROP_IN_MACHINE: LIST!$D$173:$D$179
Name ARR_DROP_IN_MANUAL: LIST!$E$173:$E$179
Name ARR_FOAM: LIST!$C$173:$C$179
Name BC_ALSTROEMERIA: BICOLOR!$B$2:$B$13
Name BC_ASIATIC: BICOLOR!$C$2:$C$2
Name BC_BONBON_DISBUD: BICOLOR!$K$2:$K$3
Name BC_BRASSICAS: BICOLOR!$D$2:$D$2
Name BC_CALLAS: BICOLOR!$E$2:$E$2
Name BC_CARNATION: BICOLOR!$F$2:$F$33
Name BC_CORDYLINE: BICOLOR!$G$2:$G$3
Name BC_CREMON: BICOLOR!$H$2:$H$5
Name BC_CUSHION: BICOLOR!$I$2:$I$6
Name BC_DAISY: BICOLOR!$J$2:$J$9
Name BC_GERBERA: BICOLOR!$L$2:$L$12
Name BC_GERBERA_GERRONDO: BICOLOR!$M$2:$M$3
Name BC_HYDRANGEA: BICOLOR!$N$2:$N$3
Name BC_LILLY_GRASS: BICOLOR!$P$2:$P$3
Name BC_LIRIOS: BICOLOR!$X$2:$X$2
Name BC_MATSUMOTO: BICOLOR!$W$2:$W$2
Name BC_MINICARNATION: BICOLOR!$Q$2:$Q$25
Name BC_NOVELTY: BICOLOR!$R$2:$R$6
Name BC_ROSES: BICOLOR!$S$2:$S$19
Name BC_ROSES_SPRAY: BICOLOR!$V$2:$V$10
Name BC_SNAP_DRAGON: BICOLOR!$T$2:$T$2
Name BC_SPIDER: BICOLOR!$U$2:$U$4
Name BICOLOR: BICOLOR!$O$2:$O$3
Name CASES: LIST!$A$130:$H$141
Name CLEAR_COLOR: LIST!$A$1
Name CO_ALSTROEMERIA: 'FL-CO'!$F$2:$F$17
Name CO_ARALIA: 'FL-CO'!$G$2:$G$2
Name CO_ASIATIC: 'FL-CO'!$H$2:$H$11
Name CO_ASPIDISTRA: 'FL-CO'!$I$2:$I$3
Name CO_ASTER: 'FL-CO'!$J$2:$J$12
Name CO_BONBON_DISBUD: 'FL-CO'!$W$2:$W$7
Name CO_BRASSICAS: 'FL-CO'!$K$2:$K$6
Name CO_BUTTON: 'FL-CO'!$L$2:$L$10
Name CO_CALLAS: 'FL-CO'!$BG$2:$BG$2
Name CO_CARNATION: 'FL-CO'!$M$2:$M$21
Name CO_CEDAR: 'FL-CO'!$N$2:$N$2
Name CO_COCCULOS: 'FL-CO'!$O$2:$O$2
Name CO_CORDYLINE: 'FL-CO'!$P$2:$P$5
Name CO_CREMON: 'FL-CO'!$Q$2:$Q$15
Name CO_CROTTON: 'FL-CO'!$R$2:$R$3
Name CO_CUSHION: 'FL-CO'!$S$2:$S$19
Name CO_DAISY: 'FL-CO'!$T$2:$T$15
Name CO_DIANTHUS: 'FL-CO'!$V$2:$V$7
Name CO_ERYNGIUM: 'FL-CO'!$X$2:$X$7
Name CO_EUCALIPTUS: 'FL-CO'!$Y$2:$Y$2
Name CO_GARDEN_ROSES: 'FL-CO'!$Z$2:$Z$10
Name CO_GERBERA: 'FL-CO'!$AA$2:$AA$19
Name CO_GERBERA_GERONDO: 'FL-CO'!$AB$2:$AB$6
Name CO_GREVILLEAS: 'FL-CO'!$AC$2:$AC$2
Name CO_GYPSOPHILA: 'FL-CO'!$AD$2:$AD$5
Name CO_HYDRANGEA: 'FL-CO'!$AE$2:$AE$12
Name CO_HYPERYCUM: 'FL-CO'!$AF$2:$AF$17
Name CO_LEATHER_LEAF: 'FL-CO'!$AG$2:$AG$2
Name CO_LEUCADENDRON: 'FL-CO'!$AH$2:$AH$3
Name CO_LILLY_GRASS: 'FL-CO'!$AI$2:$AI$2
Name CO_LIMONIUM: 'FL-CO'!$AJ$2:$AJ$10
Name CO_MATSUMOTO: 'FL-CO'!$AK$2:$AK$10

Sheet Quote
N1: VOL FULL INBOUND | O1: VOL FULL TRANSFER | P1: VOL WP | Q1: INBOUND(U$) | R1: TNT | S1: GLI | T1: TNT + GLT | U1: BIC
AG2: FOB FACILITY FINAL PRICE | AI2: =AI6+(AI6*AI4)+(SUM($AI$9:$AI$11)*SUM($M$15:$M$41)) -> 0.6486 | AL2: MARGIN | AM2: =IFERROR((AM4-AI6-(SUM($AI$9:$AI$11)*SUM($M$15:$M$41)))/AI6,0) -> 16.712766 | AN2: =IF(AM2<10%,"MUST BE OVER 10% - ASK MARAY","")
C3: NAME: | D3: 12.99 BOSS DAY | J3: STEM COUNT | K3: =SUM(C:C) -> 0
Z4: INBOUND - BOX TYPE | AA4: BOX SIZE | AB4: CUFT PER CASE | AC4: BOXES PER PALLET | AG4: MARGIN | AI4: 0.15 | AL4: FOB FACILITY FINAL PRICE | AM4: 9.99
C6: HOLIDAY : | D6: FALL COLORS | Z6: QUARTER | AA6: =VLOOKUP(Z6,DP_FB_RELATION,2,FALSE) -> #N/A | AB6: =VLOOKUP(Z6,DP_FB_RELATION,4,FALSE) -> #N/A | AC6: =VLOOKUP(Z6,DP_FB_RELATION,7,FALSE) -> #N/A | AG6: TOTAL COST FOB FACILITY | AI6: =+AD37+AD48+AD49 -> 0.564
C7: CUSTOMER | D7: PUBLIX
Z8: SUG PACK (DRY) | AA8: PACK DRY | AB8: PACK FB
C9: ORIGEN: | D9: COLOMBIA | Z9: =ROUND(AB9/VLOOKUP(Z6,DP_FB_RELATION,3,FALSE),0) -> #N/A | AA9: 7 | AB9: =IFERROR(ROUND(1/SUM(N:N),0),0) -> 0 | AG9: WASTE % | AI9: 0.01
C10: Type | D10: BOUQUET | AG10: CREDITS % | AI10: 0.005
AG11: FEES | AI11: 0
Z12: FLOWER COST FOB COL | AD12: =SUM($M$15:$M$41) -> 0
Z13: INBOUND USA FREIGHT COST | AD13: =IFERROR(VLOOKUP($D$6,LIST!$A$111:$E$116,MATCH($D$9,LIST!$A$110:$E$110,0),FALSE)*VLOOKUP($Z$6,DP_FB_RELATION,4,FALSE)/VLOOKUP("FULL",DP_FB_RELATION,4,FALSE)/$AA$9,0) -> 0 | AK13: WAREHOUSE | AL13: LOCATION | AM13: $ / CUBE | AN13: $ / CASE | AO13: $ / BUNCH | AP13: DELIVERED COST
C14: STEMS | D14: FLOWER | E14: TINT | F14: GLI | G14: BIC | H14: COLOR | I14: GLITTER | J14: COMMENTS | K14: GRADE | L14: COST | M14: TOTAL | R14: TNT | S14: GLIT | U14: BIC | W14: VLOOKUP | X14: USA COST | Z14: FLOWER | AD14: COST | AG14: MIAMI | AH14: MIA | AI14: %
A15: 1 | B15: =IFERROR(VLOOKUP(D15,LIST!$A$2:$B$86,2,FALSE),"") | L15: =_xlfn.IFNA(SUM(IF($D$6=$J$44,VLOOKUP($D15,'FL COST'!$A$1:$G$81,2,FALSE),IF($D$6=$J$45,VLOOKUP($D15,'FL COST'!$A$1:$G$81,3,FALSE),IF($D$6=$J$46,VLOOKUP($D15,'FL COST'!$A$1:$G$81,4,FALSE),IF($D$6=$J$47,VLOOKUP($D15,'FL COST'!$A$1:$G$81,5,FALSE),IF($D$6=$J$48,VLOOKUP($D15,'FL COST'!$A$1:$G$81,6,FALSE),IF($D$6=$J$49,VLOOKUP($D15,'FL COST'!$A$1:$G$81,7,FALSE),0))))))+IF(E15="Y",0.02,0)+IF(F15="Y",0.02,0)),0) -> 0 | M15: =IFERROR(C15*L15,"ERROR") -> 0 | N15: =IFERROR(SUM($C15/VLOOKUP($D15,PACK!A:B,2,FALSE)),0) -> 0 | O15: =IFERROR(SUM($C15/VLOOKUP($D15,PACK!A:B,2,FALSE)),0) -> 0 | P15: =C15*1/VLOOKUP(D15,PACK!A:B,9,FALSE) -> #N/A | Q15: =IF(C15<>0,N15*VLOOKUP($D$6,FB_COST,3,FALSE),0) -> 0 | R15: =ISNUMBER(MATCH("TNT_"&B15,TINTED!$B$1:$Y$1,0)) -> FALSE | S15: =ISNUMBER(MATCH("GLT_"&B15,GLITTERED!$B$1:$S$1,0)) -> FALSE | U15: =ISNUMBER(MATCH("BC_"&B15,BICOLOR!$B$1:$Y$1,0)) -> FALSE | W15: =IFERROR(IF(VLOOKUP(D15,FL_COST_COL,2,FALSE)="USA","USA","COL"),"") | X15: =IF(K15<>"","$","NO") -> NO | Z15: FLOWER COST FOB MIA | AD15: =+SUM(AD12:AD13) -> 0 | AF15: MIAMI | AG15: TRANSFER COST | AH15: =IFERROR(VLOOKUP($Z$6,DP_FB_RELATION,4,FALSE)*VLOOKUP(AH14,LIST!$A$121:$C$126,3,FALSE)/VLOOKUP("FULL",DP_FB_RELATION,4,FALSE)/$AA$9,0) -> 0 | AI15: 1 | AJ15: 1 | AK15: =IFERROR(VLOOKUP(AJ15&"-"&$D$7,'CUST DATAB'!B:E,3,FALSE),"") -> MIAMI | AL15: =IFERROR(VLOOKUP(AJ15&"-"&$D$7,'CUST DATAB'!B:E,4,FALSE),"") -> ORLANDO | AM15: =IFERROR(IF(VLOOKUP($AK15,$AF$15:$AI$42,4,FALSE)<>0,IF(AL15<>"",VLOOKUP(AL15,'CUST DATAB'!E:F,2,FALSE),""),""),"") -> 0 | AN15: =IF(AM15<>"",AM15*IF($AA$40="y",VLOOKUP($AA$42,CASES,4,FALSE),IF($AA$40="n",VLOOKUP($Z$6,DP_FB_RELATION,4,FALSE))),"") -> #N/A | AO15: =IF(AN15<>"",AN15/IF($AA$40="y",$AB$45,IF($AA$40="n",$AA$9)),"") -> #N/A | AP15: =IF(AO15<>"",$AI$2+AO15,"") -> #N/A
A16: 2 | B16: =IFERROR(VLOOKUP(D16,LIST!$A$2:$B$86,2,FALSE),"") | L16: =_xlfn.IFNA(SUM(IF($D$6=$J$44,VLOOKUP($D16,'FL COST'!$A$1:$G$81,2,FALSE),IF($D$6=$J$45,VLOOKUP($D16,'FL COST'!$A$1:$G$81,3,FALSE),IF($D$6=$J$46,VLOOKUP($D16,'FL COST'!$A$1:$G$81,4,FALSE),IF($D$6=$J$47,VLOOKUP($D16,'FL COST'!$A$1:$G$81,5,FALSE),IF($D$6=$J$48,VLOOKUP($D16,'FL COST'!$A$1:$G$81,6,FALSE),IF($D$6=$J$49,VLOOKUP($D16,'FL COST'!$A$1:$G$81,7,FALSE),0))))))+IF(E16="Y",0.02,0)+IF(F16="Y",0.02,0)),0) -> 0 | M16: =IFERROR(C16*L16,"ERROR") -> 0 | N16: =IFERROR(SUM($C16/VLOOKUP($D16,PACK!A:B,2,FALSE)),0) -> 0 | O16: =IFERROR(SUM($C16/VLOOKUP($D16,PACK!A:B,2,FALSE)),0) -> 0 | P16: =C16*1/VLOOKUP(D16,PACK!A:B,9,FALSE) -> #N/A | Q16: =IF(C16<>0,N16*VLOOKUP($D$6,FB_COST,3,FALSE),0) -> 0 | R16: =ISNUMBER(MATCH("TNT_"&B16,TINTED!$B$1:$Y$1,0)) -> FALSE | S16: =ISNUMBER(MATCH("GLT_"&B16,GLITTERED!$B$1:$S$1,0)) -> FALSE | U16: =ISNUMBER(MATCH("BC_"&B16,BICOLOR!$B$1:$Y$1,0)) -> FALSE | W16: =IFERROR(IF(VLOOKUP(D16,FL_COST_COL,2,FALSE)="USA","USA","COL"),"") | X16: =IF(K16<>"","$","NO") -> NO | AG16: HAND LABOR | AH16: =IF(AND($AA$40="y",$Y$43="WP"),(VLOOKUP(AH14&" _ "&$AA$41,LIST!$A$183:$J$224,MATCH($D$6,LIST!$A$182:$J$182,0),FALSE)-VLOOKUP($AA$42,LIST!$A$130:$H$141,5,FALSE)-VLOOKUP($AA$42,LIST!$A$130:$H$141,8,FALSE))/$AB$45,IF(AND($AA$40="y",$Y$43="ARR"),VLOOKUP(AH14&" _ "&$AA$41,LIST!$A$183:$J$224,MATCH($D$6,LIST!$A$182:$J$182,0),FALSE),0)) -> 0 | AJ16: 2 | AK16: =IFERROR(VLOOKUP(AJ16&"-"&$D$7,'CUST DATAB'!B:E,3,FALSE),"") -> MIAMI | AL16: =IFERROR(VLOOKUP(AJ16&"-"&$D$7,'CUST DATAB'!B:E,4,FALSE),"") -> JACKSONVILLE | AM16: =IFERROR(IF(VLOOKUP($AK16,$AF$15:$AI$42,4,FALSE)<>0,IF(AL16<>"",VLOOKUP(AL16,'CUST DATAB'!E:F,2,FALSE),""),""),"") -> 0 | AN16: =IF(AM16<>"",AM16*IF($AA$40="y",VLOOKUP($AA$42,CASES,4,FALSE),IF($AA$40="n",VLOOKUP($Z$6,DP_FB_RELATION,4,FALSE))),"") -> #N/A | AO16: =IF(AN16<>"",AN16/IF($AA$40="y",$AB$45,IF($AA$40="n",$AA$9)),"") -> #N/A | AP16: =IF(AO16<>"",$AI$2+AO16,"") -> #N/A
A17: 3 | B17: =IFERROR(VLOOKUP(D17,LIST!$A$2:$B$86,2,FALSE),"") | L17: =_xlfn.IFNA(SUM(IF($D$6=$J$44,VLOOKUP($D17,'FL COST'!$A$1:$G$81,2,FALSE),IF($D$6=$J$45,VLOOKUP($D17,'FL COST'!$A$1:$G$81,3,FALSE),IF($D$6=$J$46,VLOOKUP($D17,'FL COST'!$A$1:$G$81,4,FALSE),IF($D$6=$J$47,VLOOKUP($D17,'FL COST'!$A$1:$G$81,5,FALSE),IF($D$6=$J$48,VLOOKUP($D17,'FL COST'!$A$1:$G$81,6,FALSE),IF($D$6=$J$49,VLOOKUP($D17,'FL COST'!$A$1:$G$81,7,FALSE),0))))))+IF(E17="Y",0.02,0)+IF(F17="Y",0.02,0)),0) -> 0 | M17: =IFERROR(C17*L17,"ERROR") -> 0 | N17: =IFERROR(SUM($C17/VLOOKUP($D17,PACK!A:B,2,FALSE)),0) -> 0 | O17: =IFERROR(SUM($C17/VLOOKUP($D17,PACK!A:B,2,FALSE)),0) -> 0 | P17: =C17*1/VLOOKUP(D17,PACK!A:B,9,FALSE) -> #N/A | Q17: =IF(C17<>0,N17*VLOOKUP($D$6,FB_COST,3,FALSE),0) -> 0 | R17: =ISNUMBER(MATCH("TNT_"&B17,TINTED!$B$1:$Y$1,0)) -> FALSE | S17: =ISNUMBER(MATCH("GLT_"&B17,GLITTERED!$B$1:$S$1,0)) -> FALSE | U17: =ISNUMBER(MATCH("BC_"&B17,BICOLOR!$B$1:$Y$1,0)) -> FALSE | W17: =IFERROR(IF(VLOOKUP(D17,FL_COST_COL,2,FALSE)="USA","USA","COL"),"") | X17: =IF(K17<>"","$","NO") -> NO | Z17: DRY MATERIAL COST PER BUNCH | AB17: COST | AC17: Y/N | AD17: TOTAL | AG17: SUB TOTAL | AH17: =+$AD$34+$AD$48+AH15+AH16 -> 0.564 | AJ17: 3 | AK17: =IFERROR(VLOOKUP(AJ17&"-"&$D$7,'CUST DATAB'!B:E,3,FALSE),"") -> MIAMI | AL17: =IFERROR(VLOOKUP(AJ17&"-"&$D$7,'CUST DATAB'!B:E,4,FALSE),"") -> ATLANTA | AM17: =IFERROR(IF(VLOOKUP($AK17,$AF$15:$AI$42,4,FALSE)<>0,IF(AL17<>"",VLOOKUP(AL17,'CUST DATAB'!E:F,2,FALSE),""),""),"") -> 0 | AN17: =IF(AM17<>"",AM17*IF($AA$40="y",VLOOKUP($AA$42,CASES,4,FALSE),IF($AA$40="n",VLOOKUP($Z$6,DP_FB_RELATION,4,FALSE))),"") -> #N/A | AO17: =IF(AN17<>"",AN17/IF($AA$40="y",$AB$45,IF($AA$40="n",$AA$9)),"") -> #N/A | AP17: =IF(AO17<>"",$AI$2+AO17,"") -> #N/A
A18: 4 | B18: =IFERROR(VLOOKUP(D18,LIST!$A$2:$B$86,2,FALSE),"") | L18: =_xlfn.IFNA(SUM(IF($D$6=$J$44,VLOOKUP($D18,'FL COST'!$A$1:$G$81,2,FALSE),IF($D$6=$J$45,VLOOKUP($D18,'FL COST'!$A$1:$G$81,3,FALSE),IF($D$6=$J$46,VLOOKUP($D18,'FL COST'!$A$1:$G$81,4,FALSE),IF($D$6=$J$47,VLOOKUP($D18,'FL COST'!$A$1:$G$81,5,FALSE),IF($D$6=$J$48,VLOOKUP($D18,'FL COST'!$A$1:$G$81,6,FALSE),IF($D$6=$J$49,VLOOKUP($D18,'FL COST'!$A$1:$G$81,7,FALSE),0))))))+IF(E18="Y",0.02,0)+IF(F18="Y",0.02,0)),0) -> 0 | M18: =IFERROR(C18*L18,"ERROR") -> 0 | N18: =IFERROR(SUM($C18/VLOOKUP($D18,PACK!A:B,2,FALSE)),0) -> 0 | O18: =IFERROR(SUM($C18/VLOOKUP($D18,PACK!A:B,2,FALSE)),0) -> 0 | P18: =C18*1/VLOOKUP(D18,PACK!A:B,9,FALSE) -> #N/A | Q18: =IF(C18<>0,N18*VLOOKUP($D$6,FB_COST,3,FALSE),0) -> 0 | R18: =ISNUMBER(MATCH("TNT_"&B18,TINTED!$B$1:$Y$1,0)) -> FALSE | S18: =ISNUMBER(MATCH("GLT_"&B18,GLITTERED!$B$1:$S$1,0)) -> FALSE | U18: =ISNUMBER(MATCH("BC_"&B18,BICOLOR!$B$1:$Y$1,0)) -> FALSE | W18: =IFERROR(IF(VLOOKUP(D18,FL_COST_COL,2,FALSE)="USA","USA","COL"),"") | X18: =IF(K18<>"","$","NO") -> NO | Z18: Clear Sleeve | AB18: 0.06 | AC18: N | AD18: =IF(AC18="Y",AB18,"") | AE18: Clear Sleeve | AJ18: 4 | AK18: =IFERROR(VLOOKUP(AJ18&"-"&$D$7,'CUST DATAB'!B:E,3,FALSE),"") -> MIAMI | AL18: =IFERROR(VLOOKUP(AJ18&"-"&$D$7,'CUST DATAB'!B:E,4,FALSE),"") -> LAKELAND | AM18: =IFERROR(IF(VLOOKUP($AK18,$AF$15:$AI$42,4,FALSE)<>0,IF(AL18<>"",VLOOKUP(AL18,'CUST DATAB'!E:F,2,FALSE),""),""),"") -> 0 | AN18: =IF(AM18<>"",AM18*IF($AA$40="y",VLOOKUP($AA$42,CASES,4,FALSE),IF($AA$40="n",VLOOKUP($Z$6,DP_FB_RELATION,4,FALSE))),"") -> #N/A | AO18: =IF(AN18<>"",AN18/IF($AA$40="y",$AB$45,IF($AA$40="n",$AA$9)),"") -> #N/A | AP18: =IF(AO18<>"",$AI$2+AO18,"") -> #N/A
A19: 5 | B19: =IFERROR(VLOOKUP(D19,LIST!$A$2:$B$86,2,FALSE),"") | L19: =_xlfn.IFNA(SUM(IF($D$6=$J$44,VLOOKUP($D19,'FL COST'!$A$1:$G$81,2,FALSE),IF($D$6=$J$45,VLOOKUP($D19,'FL COST'!$A$1:$G$81,3,FALSE),IF($D$6=$J$46,VLOOKUP($D19,'FL COST'!$A$1:$G$81,4,FALSE),IF($D$6=$J$47,VLOOKUP($D19,'FL COST'!$A$1:$G$81,5,FALSE),IF($D$6=$J$48,VLOOKUP($D19,'FL COST'!$A$1:$G$81,6,FALSE),IF($D$6=$J$49,VLOOKUP($D19,'FL COST'!$A$1:$G$81,7,FALSE),0))))))+IF(E19="Y",0.02,0)+IF(F19="Y",0.02,0)),0) -> 0 | M19: =IFERROR(C19*L19,"ERROR") -> 0 | N19: =IFERROR(SUM($C19/VLOOKUP($D19,PACK!A:B,2,FALSE)),0) -> 0 | O19: =IFERROR(SUM($C19/VLOOKUP($D19,PACK!A:B,2,FALSE)),0) -> 0 | P19: =C19*1/VLOOKUP(D19,PACK!A:B,9,FALSE) -> #N/A | Q19: =IF(C19<>0,N19*VLOOKUP($D$6,FB_COST,3,FALSE),0) -> 0 | R19: =ISNUMBER(MATCH("TNT_"&B19,TINTED!$B$1:$Y$1,0)) -> FALSE | S19: =ISNUMBER(MATCH("GLT_"&B19,GLITTERED!$B$1:$S$1,0)) -> FALSE | U19: =ISNUMBER(MATCH("BC_"&B19,BICOLOR!$B$1:$Y$1,0)) -> FALSE | W19: =IFERROR(IF(VLOOKUP(D19,FL_COST_COL,2,FALSE)="USA","USA","COL"),"") | X19: =IF(K19<>"","$","NO") -> NO | Z19: Clear Sleeve Large | AB19: 0.08 | AC19: N | AD19: =IF(AC19="Y",AB19,"") | AE19: Clear Sleeve Large | AG19: NEW JERSEY | AH19: NJ | AI19: % | AJ19: 5 | AK19: =IFERROR(VLOOKUP(AJ19&"-"&$D$7,'CUST DATAB'!B:E,3,FALSE),"") -> MIAMI | AL19: =IFERROR(VLOOKUP(AJ19&"-"&$D$7,'CUST DATAB'!B:E,4,FALSE),"") -> MIAMI | AM19: =IFERROR(IF(VLOOKUP($AK19,$AF$15:$AI$42,4,FALSE)<>0,IF(AL19<>"",VLOOKUP(AL19,'CUST DATAB'!E:F,2,FALSE),""),""),"") -> 0 | AN19: =IF(AM19<>"",AM19*IF($AA$40="y",VLOOKUP($AA$42,CASES,4,FALSE),IF($AA$40="n",VLOOKUP($Z$6,DP_FB_RELATION,4,FALSE))),"") -> #N/A | AO19: =IF(AN19<>"",AN19/IF($AA$40="y",$AB$45,IF($AA$40="n",$AA$9)),"") -> #N/A | AP19: =IF(AO19<>"",$AI$2+AO19,"") -> #N/A
A20: 6 | B20: =IFERROR(VLOOKUP(D20,LIST!$A$2:$B$86,2,FALSE),"") | L20: =_xlfn.IFNA(SUM(IF($D$6=$J$44,VLOOKUP($D20,'FL COST'!$A$1:$G$81,2,FALSE),IF($D$6=$J$45,VLOOKUP($D20,'FL COST'!$A$1:$G$81,3,FALSE),IF($D$6=$J$46,VLOOKUP($D20,'FL COST'!$A$1:$G$81,4,FALSE),IF($D$6=$J$47,VLOOKUP($D20,'FL COST'!$A$1:$G$81,5,FALSE),IF($D$6=$J$48,VLOOKUP($D20,'FL COST'!$A$1:$G$81,6,FALSE),IF($D$6=$J$49,VLOOKUP($D20,'FL COST'!$A$1:$G$81,7,FALSE),0))))))+IF(E20="Y",0.02,0)+IF(F20="Y",0.02,0)),0) -> 0 | M20: =IFERROR(C20*L20,"ERROR") -> 0 | N20: =IFERROR(SUM($C20/VLOOKUP($D20,PACK!A:B,2,FALSE)),0) -> 0 | O20: =IFERROR(SUM($C20/VLOOKUP($D20,PACK!A:B,2,FALSE)),0) -> 0 | P20: =C20*1/VLOOKUP(D20,PACK!A:B,9,FALSE) -> #N/A | Q20: =IF(C20<>0,N20*VLOOKUP($D$6,FB_COST,3,FALSE),0) -> 0 | R20: =ISNUMBER(MATCH("TNT_"&B20,TINTED!$B$1:$Y$1,0)) -> FALSE | S20: =ISNUMBER(MATCH("GLT_"&B20,GLITTERED!$B$1:$S$1,0)) -> FALSE | U20: =ISNUMBER(MATCH("BC_"&B20,BICOLOR!$B$1:$Y$1,0)) -> FALSE | W20: =IFERROR(IF(VLOOKUP(D20,FL_COST_COL,2,FALSE)="USA","USA","COL"),"") | X20: =IF(K20<>"","$","NO") -> NO | Z20: Food | AB20: 0.054 | AC20: Y | AD20: =IF(AC20="Y",AB20,"") -> 0.054 | AE20: Food | AG20: TRANSFER COST | AH20: =IFERROR(VLOOKUP($Z$6,DP_FB_RELATION,4,FALSE)*VLOOKUP(AH19,LIST!$A$121:$C$126,3,FALSE)/VLOOKUP("FULL",DP_FB_RELATION,4,FALSE)/$AA$9,0) -> 0 | AI20: 0 | AJ20: 6 | AK20: =IFERROR(VLOOKUP(AJ20&"-"&$D$7,'CUST DATAB'!B:E,3,FALSE),"") | AL20: =IFERROR(VLOOKUP(AJ20&"-"&$D$7,'CUST DATAB'!B:E,4,FALSE),"") | AM20: =IFERROR(IF(VLOOKUP($AK20,$AF$15:$AI$42,4,FALSE)<>0,IF(AL20<>"",VLOOKUP(AL20,'CUST DATAB'!E:F,2,FALSE),""),""),"") | AN20: =IF(AM20<>"",AM20*IF($AA$40="y",VLOOKUP($AA$42,CASES,4,FALSE),IF($AA$40="n",VLOOKUP($Z$6,DP_FB_RELATION,4,FALSE))),"") | AO20: =IF(AN20<>"",AN20/IF($AA$40="y",$AB$45,IF($AA$40="n",$AA$9)),"") | AP20: =IF(AO20<>"",$AI$2+AO20,"")
A21: 7 | B21: =IFERROR(VLOOKUP(D21,LIST!$A$2:$B$86,2,FALSE),"") | L21: =_xlfn.IFNA(SUM(IF($D$6=$J$44,VLOOKUP($D21,'FL COST'!$A$1:$G$81,2,FALSE),IF($D$6=$J$45,VLOOKUP($D21,'FL COST'!$A$1:$G$81,3,FALSE),IF($D$6=$J$46,VLOOKUP($D21,'FL COST'!$A$1:$G$81,4,FALSE),IF($D$6=$J$47,VLOOKUP($D21,'FL COST'!$A$1:$G$81,5,FALSE),IF($D$6=$J$48,VLOOKUP($D21,'FL COST'!$A$1:$G$81,6,FALSE),IF($D$6=$J$49,VLOOKUP($D21,'FL COST'!$A$1:$G$81,7,FALSE),0))))))+IF(E21="Y",0.02,0)+IF(F21="Y",0.02,0)),0) -> 0 | M21: =IFERROR(C21*L21,"ERROR") -> 0 | N21: =IFERROR(SUM($C21/VLOOKUP($D21,PACK!A:B,2,FALSE)),0) -> 0 | O21: =IFERROR(SUM($C21/VLOOKUP($D21,PACK!A:B,2,FALSE)),0) -> 0 | P21: =C21*1/VLOOKUP(D21,PACK!A:B,9,FALSE) -> #N/A | Q21: =IF(C21<>0,N21*VLOOKUP($D$6,FB_COST,3,FALSE),0) -> 0 | R21: =ISNUMBER(MATCH("TNT_"&B21,TINTED!$B$1:$Y$1,0)) -> FALSE | S21: =ISNUMBER(MATCH("GLT_"&B21,GLITTERED!$B$1:$S$1,0)) -> FALSE | U21: =ISNUMBER(MATCH("BC_"&B21,BICOLOR!$B$1:$Y$1,0)) -> FALSE | W21: =IFERROR(IF(VLOOKUP(D21,FL_COST_COL,2,FALSE)="USA","USA","COL"),"") | X21: =IF(K21<>"","$","NO") -> NO | Z21: UPC | AB21: 0.01 | AC21: Y | AD21: =IF(AC21="Y",AB21,"") -> 0.01 | AE21: UPC | AG21: HAND LABOR | AH21: =IF(AND($AA$40="y",$Y$43="WP"),(VLOOKUP(AH19&" _ "&$AA$41,LIST!$A$183:$J$224,MATCH($D$6,LIST!$A$182:$J$182,0),FALSE)-VLOOKUP($AA$42,LIST!$A$130:$H$141,5,FALSE)-VLOOKUP($AA$42,LIST!$A$130:$H$141,8,FALSE))/$AB$45,IF(AND($AA$40="y",$Y$43="ARR"),VLOOKUP(AH19&" _ "&$AA$41,LIST!$A$183:$J$224,MATCH($D$6,LIST!$A$182:$J$182,0),FALSE),0)) -> 0 | AJ21: 7 | AK21: =IFERROR(VLOOKUP(AJ21&"-"&$D$7,'CUST DATAB'!B:E,3,FALSE),"") | AL21: =IFERROR(VLOOKUP(AJ21&"-"&$D$7,'CUST DATAB'!B:E,4,FALSE),"") | AM21: =IFERROR(IF(VLOOKUP($AK21,$AF$15:$AI$42,4,FALSE)<>0,IF(AL21<>"",VLOOKUP(AL21,'CUST DATAB'!E:F,2,FALSE),""),""),"") | AN21: =IF(AM21<>"",AM21*IF($AA$40="y",VLOOKUP($AA$42,CASES,4,FALSE),IF($AA$40="n",VLOOKUP($Z$6,DP_FB_RELATION,4,FALSE))),"") | AO21: =IF(AN21<>"",AN21/IF($AA$40="y",$AB$45,IF($AA$40="n",$AA$9)),"") | AP21: =IF(AO21<>"",$AI$2+AO21,"")
A22: 8 | B22: =IFERROR(VLOOKUP(D22,LIST!$A$2:$B$86,2,FALSE),"") | L22: =_xlfn.IFNA(SUM(IF($D$6=$J$44,VLOOKUP($D22,'FL COST'!$A$1:$G$81,2,FALSE),IF($D$6=$J$45,VLOOKUP($D22,'FL COST'!$A$1:$G$81,3,FALSE),IF($D$6=$J$46,VLOOKUP($D22,'FL COST'!$A$1:$G$81,4,FALSE),IF($D$6=$J$47,VLOOKUP($D22,'FL COST'!$A$1:$G$81,5,FALSE),IF($D$6=$J$48,VLOOKUP($D22,'FL COST'!$A$1:$G$81,6,FALSE),IF($D$6=$J$49,VLOOKUP($D22,'FL COST'!$A$1:$G$81,7,FALSE),0))))))+IF(E22="Y",0.02,0)+IF(F22="Y",0.02,0)),0) -> 0 | M22: =IFERROR(C22*L22,"ERROR") -> 0 | N22: =IFERROR(SUM($C22/VLOOKUP($D22,PACK!A:B,2,FALSE)),0) -> 0 | O22: =IFERROR(SUM($C22/VLOOKUP($D22,PACK!A:B,2,FALSE)),0) -> 0 | P22: =C22*1/VLOOKUP(D22,PACK!A:B,9,FALSE) -> #N/A | Q22: =IF(C22<>0,N22*VLOOKUP($D$6,FB_COST,3,FALSE),0) -> 0 | R22: =ISNUMBER(MATCH("TNT_"&B22,TINTED!$B$1:$Y$1,0)) -> FALSE | S22: =ISNUMBER(MATCH("GLT_"&B22,GLITTERED!$B$1:$S$1,0)) -> FALSE | U22: =ISNUMBER(MATCH("BC_"&B22,BICOLOR!$B$1:$Y$1,0)) -> FALSE | W22: =IFERROR(IF(VLOOKUP(D22,FL_COST_COL,2,FALSE)="USA","USA","COL"),"") | X22: =IF(K22<>"","$","NO") -> NO | Z22: Arrangement Bag | AB22: 1.5 | AC22: N | AD22: =IF(AC22="Y",AB22,"") | AE22: Arrangement Bag | AG22: SUB TOTAL | AH22: =+$AD$34+$AD$48+AH20+AH21 -> 0.564 | AJ22: 8 | AK22: =IFERROR(VLOOKUP(AJ22&"-"&$D$7,'CUST DATAB'!B:E,3,FALSE),"") | AL22: =IFERROR(VLOOKUP(AJ22&"-"&$D$7,'CUST DATAB'!B:E,4,FALSE),"") | AM22: =IFERROR(IF(VLOOKUP($AK22,$AF$15:$AI$42,4,FALSE)<>0,IF(AL22<>"",VLOOKUP(AL22,'CUST DATAB'!E:F,2,FALSE),""),""),"") | AN22: =IF(AM22<>"",AM22*IF($AA$40="y",VLOOKUP($AA$42,CASES,4,FALSE),IF($AA$40="n",VLOOKUP($Z$6,DP_FB_RELATION,4,FALSE))),"") | AO22: =IF(AN22<>"",AN22/IF($AA$40="y",$AB$45,IF($AA$40="n",$AA$9)),"") | AP22: =IF(AO22<>"",$AI$2+AO22,"")
A23: 9 | B23: =IFERROR(VLOOKUP(D23,LIST!$A$2:$B$86,2,FALSE),"") | L23: =_xlfn.IFNA(SUM(IF($D$6=$J$44,VLOOKUP($D23,'FL COST'!$A$1:$G$81,2,FALSE),IF($D$6=$J$45,VLOOKUP($D23,'FL COST'!$A$1:$G$81,3,FALSE),IF($D$6=$J$46,VLOOKUP($D23,'FL COST'!$A$1:$G$81,4,FALSE),IF($D$6=$J$47,VLOOKUP($D23,'FL COST'!$A$1:$G$81,5,FALSE),IF($D$6=$J$48,VLOOKUP($D23,'FL COST'!$A$1:$G$81,6,FALSE),IF($D$6=$J$49,VLOOKUP($D23,'FL COST'!$A$1:$G$81,7,FALSE),0))))))+IF(E23="Y",0.02,0)+IF(F23="Y",0.02,0)),0) -> 0 | M23: =IFERROR(C23*L23,"ERROR") -> 0 | N23: =IFERROR(SUM($C23/VLOOKUP($D23,PACK!A:B,2,FALSE)),0) -> 0 | O23: =IFERROR(SUM($C23/VLOOKUP($D23,PACK!A:B,2,FALSE)),0) -> 0 | P23: =C23*1/VLOOKUP(D23,PACK!A:B,9,FALSE) -> #N/A | Q23: =IF(C23<>0,N23*VLOOKUP($D$6,FB_COST,3,FALSE),0) -> 0 | R23: =ISNUMBER(MATCH("TNT_"&B23,TINTED!$B$1:$Y$1,0)) -> FALSE | S23: =ISNUMBER(MATCH("GLT_"&B23,GLITTERED!$B$1:$S$1,0)) -> FALSE | U23: =ISNUMBER(MATCH("BC_"&B23,BICOLOR!$B$1:$Y$1,0)) -> FALSE | W23: =IFERROR(IF(VLOOKUP(D23,FL_COST_COL,2,FALSE)="USA","USA","COL"),"") | X23: =IF(K23<>"","$","NO") -> NO | Z23: Pick | AB23: 0.35 | AC23: n | AD23: =IF(AC23="Y",AB23,"") | AE23: Pick | AJ23: 9 | AK23: =IFERROR(VLOOKUP(AJ23&"-"&$D$7,'CUST DATAB'!B:E,3,FALSE),"") | AL23: =IFERROR(VLOOKUP(AJ23&"-"&$D$7,'CUST DATAB'!B:E,4,FALSE),"") | AM23: =IFERROR(IF(VLOOKUP($AK23,$AF$15:$AI$42,4,FALSE)<>0,IF(AL23<>"",VLOOKUP(AL23,'CUST DATAB'!E:F,2,FALSE),""),""),"") | AN23: =IF(AM23<>"",AM23*IF($AA$40="y",VLOOKUP($AA$42,CASES,4,FALSE),IF($AA$40="n",VLOOKUP($Z$6,DP_FB_RELATION,4,FALSE))),"") | AO23: =IF(AN23<>"",AN23/IF($AA$40="y",$AB$45,IF($AA$40="n",$AA$9)),"") | AP23: =IF(AO23<>"",$AI$2+AO23,"")
A24: 10 | B24: =IFERROR(VLOOKUP(D24,LIST!$A$2:$B$86,2,FALSE),"") | L24: =_xlfn.IFNA(SUM(IF($D$6=$J$44,VLOOKUP($D24,'FL COST'!$A$1:$G$81,2,FALSE),IF($D$6=$J$45,VLOOKUP($D24,'FL COST'!$A$1:$G$81,3,FALSE),IF($D$6=$J$46,VLOOKUP($D24,'FL COST'!$A$1:$G$81,4,FALSE),IF($D$6=$J$47,VLOOKUP($D24,'FL COST'!$A$1:$G$81,5,FALSE),IF($D$6=$J$48,VLOOKUP($D24,'FL COST'!$A$1:$G$81,6,FALSE),IF($D$6=$J$49,VLOOKUP($D24,'FL COST'!$A$1:$G$81,7,FALSE),0))))))+IF(E24="Y",0.02,0)+IF(F24="Y",0.02,0)),0) -> 0 | M24: =IFERROR(C24*L24,"ERROR") -> 0 | N24: =IFERROR(SUM($C24/VLOOKUP($D24,PACK!A:B,2,FALSE)),0) -> 0 | O24: =IFERROR(SUM($C24/VLOOKUP($D24,PACK!A:B,2,FALSE)),0) -> 0 | P24: =C24*1/VLOOKUP(D24,PACK!A:B,9,FALSE) -> #N/A | Q24: =IF(C24<>0,N24*VLOOKUP($D$6,FB_COST,3,FALSE),0) -> 0 | R24: =ISNUMBER(MATCH("TNT_"&B24,TINTED!$B$1:$Y$1,0)) -> FALSE | S24: =ISNUMBER(MATCH("GLT_"&B24,GLITTERED!$B$1:$S$1,0)) -> FALSE | U24: =ISNUMBER(MATCH("BC_"&B24,BICOLOR!$B$1:$Y$1,0)) -> FALSE | W24: =IFERROR(IF(VLOOKUP(D24,FL_COST_COL,2,FALSE)="USA","USA","COL"),"") | X24: =IF(K24<>"","$","NO") -> NO | Z24: Scent | AB24: 0.1 | AD24: =IF(AC24="Y",AB24,"") | AE24: Scent | AG24: CALIFORNIA | AH24: LAX | AI24: % | AJ24: 10 | AK24: =IFERROR(VLOOKUP(AJ24&"-"&$D$7,'CUST DATAB'!B:E,3,FALSE),"") | AL24: =IFERROR(VLOOKUP(AJ24&"-"&$D$7,'CUST DATAB'!B:E,4,FALSE),"") | AM24: =IFERROR(IF(VLOOKUP($AK24,$AF$15:$AI$42,4,FALSE)<>0,IF(AL24<>"",VLOOKUP(AL24,'CUST DATAB'!E:F,2,FALSE),""),""),"") | AN24: =IF(AM24<>"",AM24*IF($AA$40="y",VLOOKUP($AA$42,CASES,4,FALSE),IF($AA$40="n",VLOOKUP($Z$6,DP_FB_RELATION,4,FALSE))),"") | AO24: =IF(AN24<>"",AN24/IF($AA$40="y",$AB$45,IF($AA$40="n",$AA$9)),"") | AP24: =IF(AO24<>"",$AI$2+AO24,"")
A25: 11 | B25: =IFERROR(VLOOKUP(D25,LIST!$A$2:$B$86,2,FALSE),"") | L25: =_xlfn.IFNA(SUM(IF($D$6=$J$44,VLOOKUP($D25,'FL COST'!$A$1:$G$81,2,FALSE),IF($D$6=$J$45,VLOOKUP($D25,'FL COST'!$A$1:$G$81,3,FALSE),IF($D$6=$J$46,VLOOKUP($D25,'FL COST'!$A$1:$G$81,4,FALSE),IF($D$6=$J$47,VLOOKUP($D25,'FL COST'!$A$1:$G$81,5,FALSE),IF($D$6=$J$48,VLOOKUP($D25,'FL COST'!$A$1:$G$81,6,FALSE),IF($D$6=$J$49,VLOOKUP($D25,'FL COST'!$A$1:$G$81,7,FALSE),0))))))+IF(E25="Y",0.02,0)+IF(F25="Y",0.02,0)),0) -> 0 | M25: =IFERROR(C25*L25,"ERROR") -> 0 | N25: =IFERROR(SUM($C25/VLOOKUP($D25,PACK!A:B,2,FALSE)),0) -> 0 | O25: =IFERROR(SUM($C25/VLOOKUP($D25,PACK!A:B,2,FALSE)),0) -> 0 | P25: =C25*1/VLOOKUP(D25,PACK!A:B,9,FALSE) -> #N/A | Q25: =IF(C25<>0,N25*VLOOKUP($D$6,FB_COST,3,FALSE),0) -> 0 | R25: =ISNUMBER(MATCH("TNT_"&B25,TINTED!$B$1:$Y$1,0)) -> FALSE | S25: =ISNUMBER(MATCH("GLT_"&B25,GLITTERED!$B$1:$S$1,0)) -> FALSE | U25: =ISNUMBER(MATCH("BC_"&B25,BICOLOR!$B$1:$Y$1,0)) -> FALSE | W25: =IFERROR(IF(VLOOKUP(D25,FL_COST_COL,2,FALSE)="USA","USA","COL"),"") | X25: =IF(K25<>"","$","NO") -> NO | Z25: Wrap / Sleeve | AB25: 0.5 | AC25: Y | AD25: =IF(AC25="Y",AB25,"") -> 0.5 | AE25: Wrap / Sleeve | AG25: TRANSFER COST | AH25: =IFERROR(VLOOKUP($Z$6,DP_FB_RELATION,4,FALSE)*VLOOKUP(AH24,LIST!$A$121:$C$126,3,FALSE)/VLOOKUP("FULL",DP_FB_RELATION,4,FALSE)/$AA$9,0) -> 0 | AI25: 0 | AJ25: 11 | AK25: =IFERROR(VLOOKUP(AJ25&"-"&$D$7,'CUST DATAB'!B:E,3,FALSE),"") | AL25: =IFERROR(VLOOKUP(AJ25&"-"&$D$7,'CUST DATAB'!B:E,4,FALSE),"") | AM25: =IFERROR(IF(VLOOKUP($AK25,$AF$15:$AI$42,4,FALSE)<>0,IF(AL25<>"",VLOOKUP(AL25,'CUST DATAB'!E:F,2,FALSE),""),""),"") | AN25: =IF(AM25<>"",AM25*IF($AA$40="y",VLOOKUP($AA$42,CASES,4,FALSE),IF($AA$40="n",VLOOKUP($Z$6,DP_FB_RELATION,4,FALSE))),"") | AO25: =IF(AN25<>"",AN25/IF($AA$40="y",$AB$45,IF($AA$40="n",$AA$9)),"") | AP25: =IF(AO25<>"",$AI$2+AO25,"")
A26: 12 | B26: =IFERROR(VLOOKUP(D26,LIST!$A$2:$B$86,2,FALSE),"") | L26: =_xlfn.IFNA(SUM(IF($D$6=$J$44,VLOOKUP($D26,'FL COST'!$A$1:$G$81,2,FALSE),IF($D$6=$J$45,VLOOKUP($D26,'FL COST'!$A$1:$G$81,3,FALSE),IF($D$6=$J$46,VLOOKUP($D26,'FL COST'!$A$1:$G$81,4,FALSE),IF($D$6=$J$47,VLOOKUP($D26,'FL COST'!$A$1:$G$81,5,FALSE),IF($D$6=$J$48,VLOOKUP($D26,'FL COST'!$A$1:$G$81,6,FALSE),IF($D$6=$J$49,VLOOKUP($D26,'FL COST'!$A$1:$G$81,7,FALSE),0))))))+IF(E26="Y",0.02,0)+IF(F26="Y",0.02,0)),0) -> 0 | M26: =IFERROR(C26*L26,"ERROR") -> 0 | N26: =IFERROR(SUM($C26/VLOOKUP($D26,PACK!A:B,2,FALSE)),0) -> 0 | O26: =IFERROR(SUM($C26/VLOOKUP($D26,PACK!A:B,2,FALSE)),0) -> 0 | P26: =C26*1/VLOOKUP(D26,PACK!A:B,9,FALSE) -> #N/A | Q26: =IF(C26<>0,N26*VLOOKUP($D$6,FB_COST,3,FALSE),0) -> 0 | R26: =ISNUMBER(MATCH("TNT_"&B26,TINTED!$B$1:$Y$1,0)) -> FALSE | S26: =ISNUMBER(MATCH("GLT_"&B26,GLITTERED!$B$1:$S$1,0)) -> FALSE | U26: =ISNUMBER(MATCH("BC_"&B26,BICOLOR!$B$1:$Y$1,0)) -> FALSE | W26: =IFERROR(IF(VLOOKUP(D26,FL_COST_COL,2,FALSE)="USA","USA","COL"),"") | X26: =IF(K26<>"","$","NO") -> NO | Z26: Card | AB26: 0.15 | AD26: =IF(AC26="Y",AB26,"") | AE26: Card | AG26: HAND LABOR | AH26: =IF(AND($AA$40="y",$Y$43="WP"),(VLOOKUP(AH24&" _ "&$AA$41,LIST!$A$183:$J$224,MATCH($D$6,LIST!$A$182:$J$182,0),FALSE)-VLOOKUP($AA$42,LIST!$A$130:$H$141,5,FALSE)-VLOOKUP($AA$42,LIST!$A$130:$H$141,8,FALSE))/$AB$45,IF(AND($AA$40="y",$Y$43="ARR"),VLOOKUP(AH24&" _ "&$AA$41,LIST!$A$183:$J$224,MATCH($D$6,LIST!$A$182:$J$182,0),FALSE),0)) -> 0 | AJ26: 12 | AK26: =IFERROR(VLOOKUP(AJ26&"-"&$D$7,'CUST DATAB'!B:E,3,FALSE),"") | AL26: =IFERROR(VLOOKUP(AJ26&"-"&$D$7,'CUST DATAB'!B:E,4,FALSE),"") | AM26: =IFERROR(IF(VLOOKUP($AK26,$AF$15:$AI$42,4,FALSE)<>0,IF(AL26<>"",VLOOKUP(AL26,'CUST DATAB'!E:F,2,FALSE),""),""),"") | AN26: =IF(AM26<>"",AM26*IF($AA$40="y",VLOOKUP($AA$42,CASES,4,FALSE),IF($AA$40="n",VLOOKUP($Z$6,DP_FB_RELATION,4,FALSE))),"") | AO26: =IF(AN26<>"",AN26/IF($AA$40="y",$AB$45,IF($AA$40="n",$AA$9)),"") | AP26: =IF(AO26<>"",$AI$2+AO26,"")
A27: 13 | B27: =IFERROR(VLOOKUP(D27,LIST!$A$2:$B$86,2,FALSE),"") | L27: =_xlfn.IFNA(SUM(IF($D$6=$J$44,VLOOKUP($D27,'FL COST'!$A$1:$G$81,2,FALSE),IF($D$6=$J$45,VLOOKUP($D27,'FL COST'!$A$1:$G$81,3,FALSE),IF($D$6=$J$46,VLOOKUP($D27,'FL COST'!$A$1:$G$81,4,FALSE),IF($D$6=$J$47,VLOOKUP($D27,'FL COST'!$A$1:$G$81,5,FALSE),IF($D$6=$J$48,VLOOKUP($D27,'FL COST'!$A$1:$G$81,6,FALSE),IF($D$6=$J$49,VLOOKUP($D27,'FL COST'!$A$1:$G$81,7,FALSE),0))))))+IF(E27="Y",0.02,0)+IF(F27="Y",0.02,0)),0) -> 0 | M27: =IFERROR(C27*L27,"ERROR") -> 0 | N27: =IFERROR(SUM($C27/VLOOKUP($D27,PACK!A:B,2,FALSE)),0) -> 0 | O27: =IFERROR(SUM($C27/VLOOKUP($D27,PACK!A:B,2,FALSE)),0) -> 0 | P27: =C27*1/VLOOKUP(D27,PACK!A:B,9,FALSE) -> #N/A | Q27: =IF(C27<>0,N27*VLOOKUP($D$6,FB_COST,3,FALSE),0) -> 0 | R27: =ISNUMBER(MATCH("TNT_"&B27,TINTED!$B$1:$Y$1,0)) -> FALSE | S27: =ISNUMBER(MATCH("GLT_"&B27,GLITTERED!$B$1:$S$1,0)) -> FALSE | U27: =ISNUMBER(MATCH("BC_"&B27,BICOLOR!$B$1:$Y$1,0)) -> FALSE | W27: =IFERROR(IF(VLOOKUP(D27,FL_COST_COL,2,FALSE)="USA","USA","COL"),"") | X27: =IF(K27<>"","$","NO") -> NO | Z27: Vase / Bowl / Recipient | AB27: 1 | AC27: N | AD27: =IF(AC27="Y",AB27,"") | AE27: Vase / Bowl / Recipient | AG27: SUB TOTAL | AH27: =+$AD$34+$AD$48+AH25+AH26 -> 0.564 | AJ27: 13 | AK27: =IFERROR(VLOOKUP(AJ27&"-"&$D$7,'CUST DATAB'!B:E,3,FALSE),"") | AL27: =IFERROR(VLOOKUP(AJ27&"-"&$D$7,'CUST DATAB'!B:E,4,FALSE),"") | AM27: =IFERROR(IF(VLOOKUP($AK27,$AF$15:$AI$42,4,FALSE)<>0,IF(AL27<>"",VLOOKUP(AL27,'CUST DATAB'!E:F,2,FALSE),""),""),"") | AN27: =IF(AM27<>"",AM27*IF($AA$40="y",VLOOKUP($AA$42,CASES,4,FALSE),IF($AA$40="n",VLOOKUP($Z$6,DP_FB_RELATION,4,FALSE))),"") | AO27: =IF(AN27<>"",AN27/IF($AA$40="y",$AB$45,IF($AA$40="n",$AA$9)),"") | AP27: =IF(AO27<>"",$AI$2+AO27,"")
A28: 14 | B28: =IFERROR(VLOOKUP(D28,LIST!$A$2:$B$86,2,FALSE),"") | L28: =_xlfn.IFNA(SUM(IF($D$6=$J$44,VLOOKUP($D28,'FL COST'!$A$1:$G$81,2,FALSE),IF($D$6=$J$45,VLOOKUP($D28,'FL COST'!$A$1:$G$81,3,FALSE),IF($D$6=$J$46,VLOOKUP($D28,'FL COST'!$A$1:$G$81,4,FALSE),IF($D$6=$J$47,VLOOKUP($D28,'FL COST'!$A$1:$G$81,5,FALSE),IF($D$6=$J$48,VLOOKUP($D28,'FL COST'!$A$1:$G$81,6,FALSE),IF($D$6=$J$49,VLOOKUP($D28,'FL COST'!$A$1:$G$81,7,FALSE),0))))))+IF(E28="Y",0.02,0)+IF(F28="Y",0.02,0)),0) -> 0 | M28: =IFERROR(C28*L28,"ERROR") -> 0 | N28: =IFERROR(SUM($C28/VLOOKUP($D28,PACK!A:B,2,FALSE)),0) -> 0 | O28: =IFERROR(SUM($C28/VLOOKUP($D28,PACK!A:B,2,FALSE)),0) -> 0 | P28: =C28*1/VLOOKUP(D28,PACK!A:B,9,FALSE) -> #N/A | Q28: =IF(C28<>0,N28*VLOOKUP($D$6,FB_COST,3,FALSE),0) -> 0 | R28: =ISNUMBER(MATCH("TNT_"&B28,TINTED!$B$1:$Y$1,0)) -> FALSE | S28: =ISNUMBER(MATCH("GLT_"&B28,GLITTERED!$B$1:$S$1,0)) -> FALSE | U28: =ISNUMBER(MATCH("BC_"&B28,BICOLOR!$B$1:$Y$1,0)) -> FALSE | W28: =IFERROR(IF(VLOOKUP(D28,FL_COST_COL,2,FALSE)="USA","USA","COL"),"") | X28: =IF(K28<>"","$","NO") -> NO | Z28: Foam | AD28: =IF(AC28="Y",AB28,"") | AE28: Foam | AJ28: 14 | AK28: =IFERROR(VLOOKUP(AJ28&"-"&$D$7,'CUST DATAB'!B:E,3,FALSE),"") | AL28: =IFERROR(VLOOKUP(AJ28&"-"&$D$7,'CUST DATAB'!B:E,4,FALSE),"") | AM28: =IFERROR(IF(VLOOKUP($AK28,$AF$15:$AI$42,4,FALSE)<>0,IF(AL28<>"",VLOOKUP(AL28,'CUST DATAB'!E:F,2,FALSE),""),""),"") | AN28: =IF(AM28<>"",AM28*IF($AA$40="y",VLOOKUP($AA$42,CASES,4,FALSE),IF($AA$40="n",VLOOKUP($Z$6,DP_FB_RELATION,4,FALSE))),"") | AO28: =IF(AN28<>"",AN28/IF($AA$40="y",$AB$45,IF($AA$40="n",$AA$9)),"") | AP28: =IF(AO28<>"",$AI$2+AO28,"")
A29: 15 | B29: =IFERROR(VLOOKUP(D29,LIST!$A$2:$B$86,2,FALSE),"") | L29: =_xlfn.IFNA(SUM(IF($D$6=$J$44,VLOOKUP($D29,'FL COST'!$A$1:$G$81,2,FALSE),IF($D$6=$J$45,VLOOKUP($D29,'FL COST'!$A$1:$G$81,3,FALSE),IF($D$6=$J$46,VLOOKUP($D29,'FL COST'!$A$1:$G$81,4,FALSE),IF($D$6=$J$47,VLOOKUP($D29,'FL COST'!$A$1:$G$81,5,FALSE),IF($D$6=$J$48,VLOOKUP($D29,'FL COST'!$A$1:$G$81,6,FALSE),IF($D$6=$J$49,VLOOKUP($D29,'FL COST'!$A$1:$G$81,7,FALSE),0))))))+IF(E29="Y",0.02,0)+IF(F29="Y",0.02,0)),0) -> 0 | M29: =IFERROR(C29*L29,"ERROR") -> 0 | N29: =IFERROR(SUM($C29/VLOOKUP($D29,PACK!A:B,2,FALSE)),0) -> 0 | O29: =IFERROR(SUM($C29/VLOOKUP($D29,PACK!A:B,2,FALSE)),0) -> 0 | P29: =C29*1/VLOOKUP(D29,PACK!A:B,9,FALSE) -> #N/A | Q29: =IF(C29<>0,N29*VLOOKUP($D$6,FB_COST,3,FALSE),0) -> 0 | R29: =ISNUMBER(MATCH("TNT_"&B29,TINTED!$B$1:$Y$1,0)) -> FALSE | S29: =ISNUMBER(MATCH("GLT_"&B29,GLITTERED!$B$1:$S$1,0)) -> FALSE | U29: =ISNUMBER(MATCH("BC_"&B29,BICOLOR!$B$1:$Y$1,0)) -> FALSE | W29: =IFERROR(IF(VLOOKUP(D29,FL_COST_COL,2,FALSE)="USA","USA","COL"),"") | X29: =IF(K29<>"","$","NO") -> NO | Z29: Bag | AB29: 1 | AD29: =IF(AC29="Y",AB29,"") | AE29: Bag | AG29: CHICAGO | AH29: CH | AI29: % | AJ29: 15 | AK29: =IFERROR(VLOOKUP(AJ29&"-"&$D$7,'CUST DATAB'!B:E,3,FALSE),"") | AL29: =IFERROR(VLOOKUP(AJ29&"-"&$D$7,'CUST DATAB'!B:E,4,FALSE),"") | AM29: =IFERROR(IF(VLOOKUP($AK29,$AF$15:$AI$42,4,FALSE)<>0,IF(AL29<>"",VLOOKUP(AL29,'CUST DATAB'!E:F,2,FALSE),""),""),"") | AN29: =IF(AM29<>"",AM29*IF($AA$40="y",VLOOKUP($AA$42,CASES,4,FALSE),IF($AA$40="n",VLOOKUP($Z$6,DP_FB_RELATION,4,FALSE))),"") | AO29: =IF(AN29<>"",AN29/IF($AA$40="y",$AB$45,IF($AA$40="n",$AA$9)),"") | AP29: =IF(AO29<>"",$AI$2+AO29,"")
A30: 16 | B30: =IFERROR(VLOOKUP(D30,LIST!$A$2:$B$86,2,FALSE),"") | L30: =_xlfn.IFNA(SUM(IF($D$6=$J$44,VLOOKUP($D30,'FL COST'!$A$1:$G$81,2,FALSE),IF($D$6=$J$45,VLOOKUP($D30,'FL COST'!$A$1:$G$81,3,FALSE),IF($D$6=$J$46,VLOOKUP($D30,'FL COST'!$A$1:$G$81,4,FALSE),IF($D$6=$J$47,VLOOKUP($D30,'FL COST'!$A$1:$G$81,5,FALSE),IF($D$6=$J$48,VLOOKUP($D30,'FL COST'!$A$1:$G$81,6,FALSE),IF($D$6=$J$49,VLOOKUP($D30,'FL COST'!$A$1:$G$81,7,FALSE),0))))))+IF(E30="Y",0.02,0)+IF(F30="Y",0.02,0)),0) -> 0 | M30: =IFERROR(C30*L30,"ERROR") -> 0 | N30: =IFERROR(SUM($C30/VLOOKUP($D30,PACK!A:B,2,FALSE)),0) -> 0 | O30: =IFERROR(SUM($C30/VLOOKUP($D30,PACK!A:B,2,FALSE)),0) -> 0 | P30: =C30*1/VLOOKUP(D30,PACK!A:B,9,FALSE) -> #N/A | Q30: =IF(C30<>0,N30*VLOOKUP($D$6,FB_COST,3,FALSE),0) -> 0 | R30: =ISNUMBER(MATCH("TNT_"&B30,TINTED!$B$1:$Y$1,0)) -> FALSE | S30: =ISNUMBER(MATCH("GLT_"&B30,GLITTERED!$B$1:$S$1,0)) -> FALSE | U30: =ISNUMBER(MATCH("BC_"&B30,BICOLOR!$B$1:$Y$1,0)) -> FALSE | W30: =IFERROR(IF(VLOOKUP(D30,FL_COST_COL,2,FALSE)="USA","USA","COL"),"") | X30: =IF(K30<>"","$","NO") -> NO | Z30: Other 1 | AD30: =IF(AC30="Y",AB30,"") | AE30: Other 1 | AG30: TRANSFER COST | AH30: =IFERROR(VLOOKUP($Z$6,DP_FB_RELATION,4,FALSE)*VLOOKUP(AH29,LIST!$A$121:$C$126,3,FALSE)/VLOOKUP("FULL",DP_FB_RELATION,4,FALSE)/$AA$9,0) -> 0 | AI30: 0 | AJ30: 16 | AK30: =IFERROR(VLOOKUP(AJ30&"-"&$D$7,'CUST DATAB'!B:E,3,FALSE),"") | AL30: =IFERROR(VLOOKUP(AJ30&"-"&$D$7,'CUST DATAB'!B:E,4,FALSE),"") | AM30: =IFERROR(IF(VLOOKUP($AK30,$AF$15:$AI$42,4,FALSE)<>0,IF(AL30<>"",VLOOKUP(AL30,'CUST DATAB'!E:F,2,FALSE),""),""),"") | AN30: =IF(AM30<>"",AM30*IF($AA$40="y",VLOOKUP($AA$42,CASES,4,FALSE),IF($AA$40="n",VLOOKUP($Z$6,DP_FB_RELATION,4,FALSE))),"") | AO30: =IF(AN30<>"",AN30/IF($AA$40="y",$AB$45,IF($AA$40="n",$AA$9)),"") | AP30: =IF(AO30<>"",$AI$2+AO30,"")
A31: 17 | B31: =IFERROR(VLOOKUP(D31,LIST!$A$2:$B$86,2,FALSE),"") | L31: =_xlfn.IFNA(SUM(IF($D$6=$J$44,VLOOKUP($D31,'FL COST'!$A$1:$G$81,2,FALSE),IF($D$6=$J$45,VLOOKUP($D31,'FL COST'!$A$1:$G$81,3,FALSE),IF($D$6=$J$46,VLOOKUP($D31,'FL COST'!$A$1:$G$81,4,FALSE),IF($D$6=$J$47,VLOOKUP($D31,'FL COST'!$A$1:$G$81,5,FALSE),IF($D$6=$J$48,VLOOKUP($D31,'FL COST'!$A$1:$G$81,6,FALSE),IF($D$6=$J$49,VLOOKUP($D31,'FL COST'!$A$1:$G$81,7,FALSE),0))))))+IF(E31="Y",0.02,0)+IF(F31="Y",0.02,0)),0) -> 0 | M31: =IFERROR(C31*L31,"ERROR") -> 0 | N31: =IFERROR(SUM($C31/VLOOKUP($D31,PACK!A:B,2,FALSE)),0) -> 0 | O31: =IFERROR(SUM($C31/VLOOKUP($D31,PACK!A:B,2,FALSE)),0) -> 0 | P31: =C31*1/VLOOKUP(D31,PACK!A:B,9,FALSE) -> #N/A | Q31: =IF(C31<>0,N31*VLOOKUP($D$6,FB_COST,3,FALSE),0) -> 0 | R31: =ISNUMBER(MATCH("TNT_"&B31,TINTED!$B$1:$Y$1,0)) -> FALSE | S31: =ISNUMBER(MATCH("GLT_"&B31,GLITTERED!$B$1:$S$1,0)) -> FALSE | U31: =ISNUMBER(MATCH("BC_"&B31,BICOLOR!$B$1:$Y$1,0)) -> FALSE | W31: =IFERROR(IF(VLOOKUP(D31,FL_COST_COL,2,FALSE)="USA","USA","COL"),"") | X31: =IF(K31<>"","$","NO") -> NO | Z31: Other 2 | AD31: =IF(AC31="Y",AB31,"") | AE31: Other 2 | AG31: HAND LABOR | AH31: =IF(AND($AA$40="y",$Y$43="WP"),(VLOOKUP(AH29&" _ "&$AA$41,LIST!$A$183:$J$224,MATCH($D$6,LIST!$A$182:$J$182,0),FALSE)-VLOOKUP($AA$42,LIST!$A$130:$H$141,5,FALSE)-VLOOKUP($AA$42,LIST!$A$130:$H$141,8,FALSE))/$AB$45,IF(AND($AA$40="y",$Y$43="ARR"),VLOOKUP(AH29&" _ "&$AA$41,LIST!$A$183:$J$224,MATCH($D$6,LIST!$A$182:$J$182,0),FALSE),0)) -> 0 | AJ31: 17 | AK31: =IFERROR(VLOOKUP(AJ31&"-"&$D$7,'CUST DATAB'!B:E,3,FALSE),"") | AL31: =IFERROR(VLOOKUP(AJ31&"-"&$D$7,'CUST DATAB'!B:E,4,FALSE),"") | AM31: =IFERROR(IF(VLOOKUP($AK31,$AF$15:$AI$42,4,FALSE)<>0,IF(AL31<>"",VLOOKUP(AL31,'CUST DATAB'!E:F,2,FALSE),""),""),"") | AN31: =IF(AM31<>"",AM31*IF($AA$40="y",VLOOKUP($AA$42,CASES,4,FALSE),IF($AA$40="n",VLOOKUP($Z$6,DP_FB_RELATION,4,FALSE))),"") | AO31: =IF(AN31<>"",AN31/IF($AA$40="y",$AB$45,IF($AA$40="n",$AA$9)),"") | AP31: =IF(AO31<>"",$AI$2+AO31,"")
A32: 18 | B32: =IFERROR(VLOOKUP(D32,LIST!$A$2:$B$86,2,FALSE),"") | L32: =_xlfn.IFNA(SUM(IF($D$6=$J$44,VLOOKUP($D32,'FL COST'!$A$1:$G$81,2,FALSE),IF($D$6=$J$45,VLOOKUP($D32,'FL COST'!$A$1:$G$81,3,FALSE),IF($D$6=$J$46,VLOOKUP($D32,'FL COST'!$A$1:$G$81,4,FALSE),IF($D$6=$J$47,VLOOKUP($D32,'FL COST'!$A$1:$G$81,5,FALSE),IF($D$6=$J$48,VLOOKUP($D32,'FL COST'!$A$1:$G$81,6,FALSE),IF($D$6=$J$49,VLOOKUP($D32,'FL COST'!$A$1:$G$81,7,FALSE),0))))))+IF(E32="Y",0.02,0)+IF(F32="Y",0.02,0)),0) -> 0 | M32: =IFERROR(C32*L32,"ERROR") -> 0 | N32: =IFERROR(SUM($C32/VLOOKUP($D32,PACK!A:B,2,FALSE)),0) -> 0 | O32: =IFERROR(SUM($C32/VLOOKUP($D32,PACK!A:B,2,FALSE)),0) -> 0 | P32: =C32*1/VLOOKUP(D32,PACK!A:B,9,FALSE) -> #N/A | Q32: =IF(C32<>0,N32*VLOOKUP($D$6,FB_COST,3,FALSE),0) -> 0 | R32: =ISNUMBER(MATCH("TNT_"&B32,TINTED!$B$1:$Y$1,0)) -> FALSE | S32: =ISNUMBER(MATCH("GLT_"&B32,GLITTERED!$B$1:$S$1,0)) -> FALSE | U32: =ISNUMBER(MATCH("BC_"&B32,BICOLOR!$B$1:$Y$1,0)) -> FALSE | W32: =IFERROR(IF(VLOOKUP(D32,FL_COST_COL,2,FALSE)="USA","USA","COL"),"") | X32: =IF(K32<>"","$","NO") -> NO | Z32: TOTAL DRY GOODS | AD32: =+SUM(AD18:AD31) -> 0.564 | AG32: SUB TOTAL | AH32: =+$AD$34+$AD$48+AH30+AH31 -> 0.564 | AJ32: 18 | AK32: =IFERROR(VLOOKUP(AJ32&"-"&$D$7,'CUST DATAB'!B:E,3,FALSE),"") | AL32: =IFERROR(VLOOKUP(AJ32&"-"&$D$7,'CUST DATAB'!B:E,4,FALSE),"") | AM32: =IFERROR(IF(VLOOKUP($AK32,$AF$15:$AI$42,4,FALSE)<>0,IF(AL32<>"",VLOOKUP(AL32,'CUST DATAB'!E:F,2,FALSE),""),""),"") | AN32: =IF(AM32<>"",AM32*IF($AA$40="y",VLOOKUP($AA$42,CASES,4,FALSE),IF($AA$40="n",VLOOKUP($Z$6,DP_FB_RELATION,4,FALSE))),"") | AO32: =IF(AN32<>"",AN32/IF($AA$40="y",$AB$45,IF($AA$40="n",$AA$9)),"") | AP32: =IF(AO32<>"",$AI$2+AO32,"")
A33: 19 | B33: =IFERROR(VLOOKUP(D33,LIST!$A$2:$B$86,2,FALSE),"") | L33: =_xlfn.IFNA(SUM(IF($D$6=$J$44,VLOOKUP($D33,'FL COST'!$A$1:$G$81,2,FALSE),IF($D$6=$J$45,VLOOKUP($D33,'FL COST'!$A$1:$G$81,3,FALSE),IF($D$6=$J$46,VLOOKUP($D33,'FL COST'!$A$1:$G$81,4,FALSE),IF($D$6=$J$47,VLOOKUP($D33,'FL COST'!$A$1:$G$81,5,FALSE),IF($D$6=$J$48,VLOOKUP($D33,'FL COST'!$A$1:$G$81,6,FALSE),IF($D$6=$J$49,VLOOKUP($D33,'FL COST'!$A$1:$G$81,7,FALSE),0))))))+IF(E33="Y",0.02,0)+IF(F33="Y",0.02,0)),0) -> 0 | M33: =IFERROR(C33*L33,"ERROR") -> 0 | N33: =IFERROR(SUM($C33/VLOOKUP($D33,PACK!A:B,2,FALSE)),0) -> 0 | O33: =IFERROR(SUM($C33/VLOOKUP($D33,PACK!A:B,2,FALSE)),0) -> 0 | P33: =C33*1/VLOOKUP(D33,PACK!A:B,9,FALSE) -> #N/A | Q33: =IF(C33<>0,N33*VLOOKUP($D$6,FB_COST,3,FALSE),0) -> 0 | R33: =ISNUMBER(MATCH("TNT_"&B33,TINTED!$B$1:$Y$1,0)) -> FALSE | S33: =ISNUMBER(MATCH("GLT_"&B33,GLITTERED!$B$1:$S$1,0)) -> FALSE | U33: =ISNUMBER(MATCH("BC_"&B33,BICOLOR!$B$1:$Y$1,0)) -> FALSE | W33: =IFERROR(IF(VLOOKUP(D33,FL_COST_COL,2,FALSE)="USA","USA","COL"),"") | X33: =IF(K33<>"","$","NO") -> NO | AJ33: 19 | AK33: =IFERROR(VLOOKUP(AJ33&"-"&$D$7,'CUST DATAB'!B:E,3,FALSE),"") | AL33: =IFERROR(VLOOKUP(AJ33&"-"&$D$7,'CUST DATAB'!B:E,4,FALSE),"") | AM33: =IFERROR(IF(VLOOKUP($AK33,$AF$15:$AI$42,4,FALSE)<>0,IF(AL33<>"",VLOOKUP(AL33,'CUST DATAB'!E:F,2,FALSE),""),""),"") | AN33: =IF(AM33<>"",AM33*IF($AA$40="y",VLOOKUP($AA$42,CASES,4,FALSE),IF($AA$40="n",VLOOKUP($Z$6,DP_FB_RELATION,4,FALSE))),"") | AO33: =IF(AN33<>"",AN33/IF($AA$40="y",$AB$45,IF($AA$40="n",$AA$9)),"") | AP33: =IF(AO33<>"",$AI$2+AO33,"")
A34: 20 | B34: =IFERROR(VLOOKUP(D34,LIST!$A$2:$B$86,2,FALSE),"") | L34: =_xlfn.IFNA(SUM(IF($D$6=$J$44,VLOOKUP($D34,'FL COST'!$A$1:$G$81,2,FALSE),IF($D$6=$J$45,VLOOKUP($D34,'FL COST'!$A$1:$G$81,3,FALSE),IF($D$6=$J$46,VLOOKUP($D34,'FL COST'!$A$1:$G$81,4,FALSE),IF($D$6=$J$47,VLOOKUP($D34,'FL COST'!$A$1:$G$81,5,FALSE),IF($D$6=$J$48,VLOOKUP($D34,'FL COST'!$A$1:$G$81,6,FALSE),IF($D$6=$J$49,VLOOKUP($D34,'FL COST'!$A$1:$G$81,7,FALSE),0))))))+IF(E34="Y",0.02,0)+IF(F34="Y",0.02,0)),0) -> 0 | M34: =IFERROR(C34*L34,"ERROR") -> 0 | N34: =IFERROR(SUM($C34/VLOOKUP($D34,PACK!A:B,2,FALSE)),0) -> 0 | O34: =IFERROR(SUM($C34/VLOOKUP($D34,PACK!A:B,2,FALSE)),0) -> 0 | P34: =C34*1/VLOOKUP(D34,PACK!A:B,9,FALSE) -> #N/A | Q34: =IF(C34<>0,N34*VLOOKUP($D$6,FB_COST,3,FALSE),0) -> 0 | R34: =ISNUMBER(MATCH("TNT_"&B34,TINTED!$B$1:$Y$1,0)) -> FALSE | S34: =ISNUMBER(MATCH("GLT_"&B34,GLITTERED!$B$1:$S$1,0)) -> FALSE | U34: =ISNUMBER(MATCH("BC_"&B34,BICOLOR!$B$1:$Y$1,0)) -> FALSE | W34: =IFERROR(IF(VLOOKUP(D34,FL_COST_COL,2,FALSE)="USA","USA","COL"),"") | X34: =IF(K34<>"","$","NO") -> NO | Z34: TOTAL MIAMI LANDED COST | AD34: =+AD15+AD32 -> 0.564 | AG34: SEATTLE | AH34: WA | AI34: % | AJ34: 20 | AK34: =IFERROR(VLOOKUP(AJ34&"-"&$D$7,'CUST DATAB'!B:E,3,FALSE),"") | AL34: =IFERROR(VLOOKUP(AJ34&"-"&$D$7,'CUST DATAB'!B:E,4,FALSE),"") | AM34: =IFERROR(IF(VLOOKUP($AK34,$AF$15:$AI$42,4,FALSE)<>0,IF(AL34<>"",VLOOKUP(AL34,'CUST DATAB'!E:F,2,FALSE),""),""),"") | AN34: =IF(AM34<>"",AM34*IF($AA$40="y",VLOOKUP($AA$42,CASES,4,FALSE),IF($AA$40="n",VLOOKUP($Z$6,DP_FB_RELATION,4,FALSE))),"") | AO34: =IF(AN34<>"",AN34/IF($AA$40="y",$AB$45,IF($AA$40="n",$AA$9)),"") | AP34: =IF(AO34<>"",$AI$2+AO34,"")
A35: 21 | B35: =IFERROR(VLOOKUP(D35,LIST!$A$2:$B$86,2,FALSE),"") | L35: =_xlfn.IFNA(SUM(IF($D$6=$J$44,VLOOKUP($D35,'FL COST'!$A$1:$G$81,2,FALSE),IF($D$6=$J$45,VLOOKUP($D35,'FL COST'!$A$1:$G$81,3,FALSE),IF($D$6=$J$46,VLOOKUP($D35,'FL COST'!$A$1:$G$81,4,FALSE),IF($D$6=$J$47,VLOOKUP($D35,'FL COST'!$A$1:$G$81,5,FALSE),IF($D$6=$J$48,VLOOKUP($D35,'FL COST'!$A$1:$G$81,6,FALSE),IF($D$6=$J$49,VLOOKUP($D35,'FL COST'!$A$1:$G$81,7,FALSE),0))))))+IF(E35="Y",0.02,0)+IF(F35="Y",0.02,0)),0) -> 0 | M35: =IFERROR(C35*L35,"ERROR") -> 0 | N35: =IFERROR(SUM($C35/VLOOKUP($D35,PACK!A:B,2,FALSE)),0) -> 0 | O35: =IFERROR(SUM($C35/VLOOKUP($D35,PACK!A:B,2,FALSE)),0) -> 0 | P35: =C35*1/VLOOKUP(D35,PACK!A:B,9,FALSE) -> #N/A | Q35: =IF(C35<>0,N35*VLOOKUP($D$6,FB_COST,3,FALSE),0) -> 0 | R35: =ISNUMBER(MATCH("TNT_"&B35,TINTED!$B$1:$Y$1,0)) -> FALSE | S35: =ISNUMBER(MATCH("GLT_"&B35,GLITTERED!$B$1:$S$1,0)) -> FALSE | U35: =ISNUMBER(MATCH("BC_"&B35,BICOLOR!$B$1:$Y$1,0)) -> FALSE | W35: =IFERROR(IF(VLOOKUP(D35,FL_COST_COL,2,FALSE)="USA","USA","COL"),"") | X35: =IF(K35<>"","$","NO") -> NO | Z35: TRANSFER DRY TO FACILITY COST | AD35: =(AH15*AI15)+(AH20*AI20)+(AH25*AI25)+(AH30*AI30)+(AH35*AI35)+(AH40*AI40) -> 0 | AF35: SEATTLE | AG35: TRANSFER COST | AH35: =IFERROR(VLOOKUP($Z$6,DP_FB_RELATION,4,FALSE)*VLOOKUP(AH34,LIST!$A$121:$C$126,3,FALSE)/VLOOKUP("FULL",DP_FB_RELATION,4,FALSE)/$AA$9,0) -> 0 | AI35: 0 | AJ35: 21 | AK35: =IFERROR(VLOOKUP(AJ35&"-"&$D$7,'CUST DATAB'!B:E,3,FALSE),"") | AL35: =IFERROR(VLOOKUP(AJ35&"-"&$D$7,'CUST DATAB'!B:E,4,FALSE),"") | AM35: =IFERROR(IF(VLOOKUP($AK35,$AF$15:$AI$42,4,FALSE)<>0,IF(AL35<>"",VLOOKUP(AL35,'CUST DATAB'!E:F,2,FALSE),""),""),"") | AN35: =IF(AM35<>"",AM35*IF($AA$40="y",VLOOKUP($AA$42,CASES,4,FALSE),IF($AA$40="n",VLOOKUP($Z$6,DP_FB_RELATION,4,FALSE))),"") | AO35: =IF(AN35<>"",AN35/IF($AA$40="y",$AB$45,IF($AA$40="n",$AA$9)),"") | AP35: =IF(AO35<>"",$AI$2+AO35,"")
A36: 22 | B36: =IFERROR(VLOOKUP(D36,LIST!$A$2:$B$86,2,FALSE),"") | L36: =_xlfn.IFNA(SUM(IF($D$6=$J$44,VLOOKUP($D36,'FL COST'!$A$1:$G$81,2,FALSE),IF($D$6=$J$45,VLOOKUP($D36,'FL COST'!$A$1:$G$81,3,FALSE),IF($D$6=$J$46,VLOOKUP($D36,'FL COST'!$A$1:$G$81,4,FALSE),IF($D$6=$J$47,VLOOKUP($D36,'FL COST'!$A$1:$G$81,5,FALSE),IF($D$6=$J$48,VLOOKUP($D36,'FL COST'!$A$1:$G$81,6,FALSE),IF($D$6=$J$49,VLOOKUP($D36,'FL COST'!$A$1:$G$81,7,FALSE),0))))))+IF(E36="Y",0.02,0)+IF(F36="Y",0.02,0)),0) -> 0 | M36: =IFERROR(C36*L36,"ERROR") -> 0 | N36: =IFERROR(SUM($C36/VLOOKUP($D36,PACK!A:B,2,FALSE)),0) -> 0 | O36: =IFERROR(SUM($C36/VLOOKUP($D36,PACK!A:B,2,FALSE)),0) -> 0 | P36: =C36*1/VLOOKUP(D36,PACK!A:B,9,FALSE) -> #N/A | Q36: =IF(C36<>0,N36*VLOOKUP($D$6,FB_COST,3,FALSE),0) -> 0 | R36: =ISNUMBER(MATCH("TNT_"&B36,TINTED!$B$1:$Y$1,0)) -> FALSE | S36: =ISNUMBER(MATCH("GLT_"&B36,GLITTERED!$B$1:$S$1,0)) -> FALSE | U36: =ISNUMBER(MATCH("BC_"&B36,BICOLOR!$B$1:$Y$1,0)) -> FALSE | W36: =IFERROR(IF(VLOOKUP(D36,FL_COST_COL,2,FALSE)="USA","USA","COL"),"") | X36: =IF(K36<>"","$","NO") -> NO | Z36: Per Stem Cost (Bouquet Only) | AD36: =IF(D10="BOUQUET",SUM(K3*0.06),0) -> 0 | AG36: HAND LABOR | AH36: =IF(AND($AA$40="y",$Y$43="WP"),(VLOOKUP(AH34&" _ "&$AA$41,LIST!$A$183:$J$224,MATCH($D$6,LIST!$A$182:$J$182,0),FALSE)-VLOOKUP($AA$42,LIST!$A$130:$H$141,5,FALSE)-VLOOKUP($AA$42,LIST!$A$130:$H$141,8,FALSE))/$AB$45,IF(AND($AA$40="y",$Y$43="ARR"),VLOOKUP(AH34&" _ "&$AA$41,LIST!$A$183:$J$224,MATCH($D$6,LIST!$A$182:$J$182,0),FALSE),0)) -> 0 | AJ36: 22 | AK36: =IFERROR(VLOOKUP(AJ36&"-"&$D$7,'CUST DATAB'!B:E,3,FALSE),"") | AL36: =IFERROR(VLOOKUP(AJ36&"-"&$D$7,'CUST DATAB'!B:E,4,FALSE),"") | AM36: =IFERROR(IF(VLOOKUP($AK36,$AF$15:$AI$42,4,FALSE)<>0,IF(AL36<>"",VLOOKUP(AL36,'CUST DATAB'!E:F,2,FALSE),""),""),"") | AN36: =IF(AM36<>"",AM36*IF($AA$40="y",VLOOKUP($AA$42,CASES,4,FALSE),IF($AA$40="n",VLOOKUP($Z$6,DP_FB_RELATION,4,FALSE))),"") | AO36: =IF(AN36<>"",AN36/IF($AA$40="y",$AB$45,IF($AA$40="n",$AA$9)),"") | AP36: =IF(AO36<>"",$AI$2+AO36,"")
A37: 23 | B37: =IFERROR(VLOOKUP(D37,LIST!$A$2:$B$86,2,FALSE),"") | L37: =_xlfn.IFNA(SUM(IF($D$6=$J$44,VLOOKUP($D37,'FL COST'!$A$1:$G$81,2,FALSE),IF($D$6=$J$45,VLOOKUP($D37,'FL COST'!$A$1:$G$81,3,FALSE),IF($D$6=$J$46,VLOOKUP($D37,'FL COST'!$A$1:$G$81,4,FALSE),IF($D$6=$J$47,VLOOKUP($D37,'FL COST'!$A$1:$G$81,5,FALSE),IF($D$6=$J$48,VLOOKUP($D37,'FL COST'!$A$1:$G$81,6,FALSE),IF($D$6=$J$49,VLOOKUP($D37,'FL COST'!$A$1:$G$81,7,FALSE),0))))))+IF(E37="Y",0.02,0)+IF(F37="Y",0.02,0)),0) -> 0 | M37: =IFERROR(C37*L37,"ERROR") -> 0 | N37: =IFERROR(SUM($C37/VLOOKUP($D37,PACK!A:B,2,FALSE)),0) -> 0 | O37: =IFERROR(SUM($C37/VLOOKUP($D37,PACK!A:B,2,FALSE)),0) -> 0 | P37: =C37*1/VLOOKUP(D37,PACK!A:B,9,FALSE) -> #N/A | Q37: =IF(C37<>0,N37*VLOOKUP($D$6,FB_COST,3,FALSE),0) -> 0 | R37: =ISNUMBER(MATCH("TNT_"&B37,TINTED!$B$1:$Y$1,0)) -> FALSE | S37: =ISNUMBER(MATCH("GLT_"&B37,GLITTERED!$B$1:$S$1,0)) -> FALSE | U37: =ISNUMBER(MATCH("BC_"&B37,BICOLOR!$B$1:$Y$1,0)) -> FALSE | W37: =IFERROR(IF(VLOOKUP(D37,FL_COST_COL,2,FALSE)="USA","USA","COL"),"") | X37: =IF(K37<>"","$","NO") -> NO | Z37: TOTAL WAREHOUSE LANDED | AD37: =SUM(AD34:AD36) -> 0.564 | AG37: SUB TOTAL | AH37: =+$AD$34+$AD$48+AH35+AH36 -> 0.564 | AJ37: 23 | AK37: =IFERROR(VLOOKUP(AJ37&"-"&$D$7,'CUST DATAB'!B:E,3,FALSE),"") | AL37: =IFERROR(VLOOKUP(AJ37&"-"&$D$7,'CUST DATAB'!B:E,4,FALSE),"") | AM37: =IFERROR(IF(VLOOKUP($AK37,$AF$15:$AI$42,4,FALSE)<>0,IF(AL37<>"",VLOOKUP(AL37,'CUST DATAB'!E:F,2,FALSE),""),""),"") | AN37: =IF(AM37<>"",AM37*IF($AA$40="y",VLOOKUP($AA$42,CASES,4,FALSE),IF($AA$40="n",VLOOKUP($Z$6,DP_FB_RELATION,4,FALSE))),"") | AO37: =IF(AN37<>"",AN37/IF($AA$40="y",$AB$45,IF($AA$40="n",$AA$9)),"") | AP37: =IF(AO37<>"",$AI$2+AO37,"")
A38: 24 | B38: =IFERROR(VLOOKUP(D38,LIST!$A$2:$B$86,2,FALSE),"") | M38: =IFERROR(C38*L38,"ERROR") -> 0 | N38: =+$C38*0.0025 -> 0 | O38: =+$C38*0.0025 -> 0 | P38: =C38*1/120 -> 0 | Q38: =IF(C38<>0,N38*VLOOKUP($D$6,FB_COST,3,FALSE),0) -> 0 | R38: =ISNUMBER(MATCH("TNT_"&B38,TINTED!$B$1:$Y$1,0)) -> FALSE | S38: =ISNUMBER(MATCH("GLT_"&B38,GLITTERED!$B$1:$S$1,0)) -> FALSE | U38: =ISNUMBER(MATCH("BC_"&B38,BICOLOR!$B$1:$Y$1,0)) -> FALSE | W38: =IFERROR(IF(VLOOKUP(D38,FL_COST_COL,2,FALSE)="USA","USA","COL"),"") | X38: =IF(K38<>"","$","NO") -> NO | Y38: =IF(AA38="y","WP_TYPE","no_wp") -> no_wp | AJ38: 24 | AK38: =IFERROR(VLOOKUP(AJ38&"-"&$D$7,'CUST DATAB'!B:E,3,FALSE),"") | AL38: =IFERROR(VLOOKUP(AJ38&"-"&$D$7,'CUST DATAB'!B:E,4,FALSE),"") | AM38: =IFERROR(IF(VLOOKUP($AK38,$AF$15:$AI$42,4,FALSE)<>0,IF(AL38<>"",VLOOKUP(AL38,'CUST DATAB'!E:F,2,FALSE),""),""),"") | AN38: =IF(AM38<>"",AM38*IF($AA$40="y",VLOOKUP($AA$42,CASES,4,FALSE),IF($AA$40="n",VLOOKUP($Z$6,DP_FB_RELATION,4,FALSE))),"") | AO38: =IF(AN38<>"",AN38/IF($AA$40="y",$AB$45,IF($AA$40="n",$AA$9)),"") | AP38: =IF(AO38<>"",$AI$2+AO38,"")
A39: 25 | B39: =IFERROR(VLOOKUP(D39,LIST!$A$2:$B$86,2,FALSE),"") | M39: =IFERROR(C39*L39,"ERROR") -> 0 | N39: =+$C39*0.0025 -> 0 | O39: =+$C39*0.0025 -> 0 | P39: =C39*1/120 -> 0 | Q39: =IF(C39<>0,N39*VLOOKUP($D$6,FB_COST,3,FALSE),0) -> 0 | R39: =ISNUMBER(MATCH("TNT_"&B39,TINTED!$B$1:$Y$1,0)) -> FALSE | S39: =ISNUMBER(MATCH("GLT_"&B39,GLITTERED!$B$1:$S$1,0)) -> FALSE | U39: =ISNUMBER(MATCH("BC_"&B39,BICOLOR!$B$1:$Y$1,0)) -> FALSE | W39: =IFERROR(IF(VLOOKUP(D39,FL_COST_COL,2,FALSE)="USA","USA","COL"),"") | X39: =IF(K39<>"","$","NO") -> NO | Y39: =IF(AA39="y","WP_TYPE","no_wp") -> no_wp | AG39: TEXAS | AH39: TX | AJ39: 25 | AK39: =IFERROR(VLOOKUP(AJ39&"-"&$D$7,'CUST DATAB'!B:E,3,FALSE),"") | AL39: =IFERROR(VLOOKUP(AJ39&"-"&$D$7,'CUST DATAB'!B:E,4,FALSE),"") | AM39: =IFERROR(IF(VLOOKUP($AK39,$AF$15:$AI$42,4,FALSE)<>0,IF(AL39<>"",VLOOKUP(AL39,'CUST DATAB'!E:F,2,FALSE),""),""),"") | AN39: =IF(AM39<>"",AM39*IF($AA$40="y",VLOOKUP($AA$42,CASES,4,FALSE),IF($AA$40="n",VLOOKUP($Z$6,DP_FB_RELATION,4,FALSE))),"") | AO39: =IF(AN39<>"",AN39/IF($AA$40="y",$AB$45,IF($AA$40="n",$AA$9)),"") | AP39: =IF(AO39<>"",$AI$2+AO39,"")
A40: 26 | B40: =IFERROR(VLOOKUP(D40,LIST!$A$2:$B$86,2,FALSE),"") | M40: =IFERROR(C40*L40,"ERROR") -> 0 | N40: =+$C40*0.0025 -> 0 | O40: =+$C40*0.0025 -> 0 | P40: =C40*1/120 -> 0 | Q40: =IF(C40<>0,N40*VLOOKUP($D$6,FB_COST,3,FALSE),0) -> 0 | R40: =ISNUMBER(MATCH("TNT_"&B40,TINTED!$B$1:$Y$1,0)) -> FALSE | S40: =ISNUMBER(MATCH("GLT_"&B40,GLITTERED!$B$1:$S$1,0)) -> FALSE | U40: =ISNUMBER(MATCH("BC_"&B40,BICOLOR!$B$1:$Y$1,0)) -> FALSE | W40: =IFERROR(IF(VLOOKUP(D40,FL_COST_COL,2,FALSE)="USA","USA","COL"),"") | X40: =IF(K40<>"","$","NO") -> NO | Y40: =IF(AA40="y","WP_TYPE","no_wp") -> no_wp | Z40: Is it a Wet Pack ? | AA40: N | AC40: DIMENTIONS | AD40: =IF(AA40="y",VLOOKUP(AA42,CASES,3,FALSE),"") | AF40: TEXAS | AG40: TRANSFER COST | AH40: =IFERROR(VLOOKUP($Z$6,DP_FB_RELATION,4,FALSE)*VLOOKUP(AH39,LIST!$A$121:$C$126,3,FALSE)/VLOOKUP("FULL",DP_FB_RELATION,4,FALSE)/$AA$9,0) -> 0 | AI40: 0 | AJ40: 26 | AK40: =IFERROR(VLOOKUP(AJ40&"-"&$D$7,'CUST DATAB'!B:E,3,FALSE),"") | AL40: =IFERROR(VLOOKUP(AJ40&"-"&$D$7,'CUST DATAB'!B:E,4,FALSE),"") | AM40: =IFERROR(IF(VLOOKUP($AK40,$AF$15:$AI$42,4,FALSE)<>0,IF(AL40<>"",VLOOKUP(AL40,'CUST DATAB'!E:F,2,FALSE),""),""),"") | AN40: =IF(AM40<>"",AM40*IF($AA$40="y",VLOOKUP($AA$42,CASES,4,FALSE),IF($AA$40="n",VLOOKUP($Z$6,DP_FB_RELATION,4,FALSE))),"") | AO40: =IF(AN40<>"",AN40/IF($AA$40="y",$AB$45,IF($AA$40="n",$AA$9)),"") | AP40: =IF(AO40<>"",$AI$2+AO40,"")
A41: 27 | B41: =IFERROR(VLOOKUP(D41,LIST!$A$2:$B$86,2,FALSE),"") | M41: =IFERROR(C41*L41,"ERROR") -> 0 | N41: =+$C41*0.0025 -> 0 | O41: =+$C41*0.0025 -> 0 | P41: =C41*1/120 -> 0 | Q41: =IF(C41<>0,N41*VLOOKUP($D$6,FB_COST,3,FALSE),0) -> 0 | R41: =ISNUMBER(MATCH("TNT_"&B41,TINTED!$B$1:$Y$1,0)) -> FALSE | S41: =ISNUMBER(MATCH("GLT_"&B41,GLITTERED!$B$1:$S$1,0)) -> FALSE | U41: =ISNUMBER(MATCH("BC_"&B41,BICOLOR!$B$1:$Y$1,0)) -> FALSE | W41: =IFERROR(IF(VLOOKUP(D41,FL_COST_COL,2,FALSE)="USA","USA","COL"),"") | X41: =IF(K41<>"","$","NO") -> NO | Y41: =IF(Y40="no_wp",TRUE,FALSE) -> TRUE | Z41: =IF(AA40="Y","WP Pack Type","") | AA41: WP - REG | AC41: CUFT | AD41: =IF(AA40="y",VLOOKUP(AA42,CASES,4,FALSE),"") | AG41: HAND LABOR | AH41: =IF(AND($AA$40="y",$Y$43="WP"),(VLOOKUP(AH39&" _ "&$AA$41,LIST!$A$183:$J$224,MATCH($D$6,LIST!$A$182:$J$182,0),FALSE)-VLOOKUP($AA$42,LIST!$A$130:$H$141,5,FALSE)-VLOOKUP($AA$42,LIST!$A$130:$H$141,8,FALSE))/$AB$45,IF(AND($AA$40="y",$Y$43="ARR"),VLOOKUP(AH39&" _ "&$AA$41,LIST!$A$183:$J$224,MATCH($D$6,LIST!$A$182:$J$182,0),FALSE),0)) -> 0 | AN41: =IF(AM41<>"",AM41*IF($AA$40="y",VLOOKUP($AA$42,CASES,4,FALSE),IF($AA$40="n",VLOOKUP($Z$6,DP_FB_RELATION,4,FALSE))),"")
Y42: =VLOOKUP(AA41,LIST!$A$164:$B$169,2,FALSE) -> WP_REG | Z42: =IF(AA40="Y","WP Box Type","") | AA42: WET K | AC42: CASES/PALLET | AD42: =IF(AA40="y",VLOOKUP(AA42,CASES,7,FALSE),"") | AG42: SUB TOTAL | AH42: =+$AD$34+$AD$48+AH40+AH41 -> 0.564 | AJ42: 27 | AK42: =IFERROR(VLOOKUP(AJ42&"-"&$D$7,'CUST DATAB'!B:E,3,FALSE),"") | AL42: =IFERROR(VLOOKUP(AJ42&"-"&$D$7,'CUST DATAB'!B:E,4,FALSE),"") | AM42: =IFERROR(IF(VLOOKUP($AK42,$AF$15:$AI$37,4,FALSE)<>0,IF(AL42<>"",VLOOKUP(AL42,'CUST DATAB'!E:F,2,FALSE),""),""),"") | AN42: =IF(AM42<>"",AM42*IF($AA$40="y",VLOOKUP($AA$42,CASES,4,FALSE),IF($AA$40="n",VLOOKUP($Z$6,DP_FB_RELATION,4,FALSE))),"") | AO42: =IFERROR(IF(VLOOKUP($AK42,$AF$15:$AI$37,4,FALSE)<>0,IF(AK42<>"",AN42/$AA$9,""),""),"") | AP42: =IFERROR(IF(VLOOKUP($AK42,$AF$15:$AI$37,4,FALSE)<>0,IF(AL42<>"",$AI$2+AO42,""),""),"")
Y43: =VLOOKUP(AA41,LIST!$A$164:$C$169,3,FALSE) -> WP | AJ43: 28 | AK43: =IFERROR(VLOOKUP(AJ43&"-"&$D$7,'CUST DATAB'!B:E,3,FALSE),"") | AL43: =IFERROR(VLOOKUP(AJ43&"-"&$D$7,'CUST DATAB'!B:E,4,FALSE),"") | AM43: =IFERROR(IF(VLOOKUP($AK43,$AF$15:$AI$37,4,FALSE)<>0,IF(AL43<>"",VLOOKUP(AL43,'CUST DATAB'!E:F,2,FALSE),""),""),"") | AN43: =IF(AM43<>"",AM43*IF($AA$40="y",VLOOKUP($AA$42,CASES,4,FALSE),IF($AA$40="n",VLOOKUP($Z$6,DP_FB_RELATION,4,FALSE))),"") | AO43: =IFERROR(IF(VLOOKUP($AK43,$AF$15:$AI$37,4,FALSE)<>0,IF(AK43<>"",AN43/$AA$9,""),""),"") | AP43: =IFERROR(IF(VLOOKUP($AK43,$AF$15:$AI$37,4,FALSE)<>0,IF(AL43<>"",$AI$2+AO43,""),""),"")
J44: EVERYDAY | AA44: SUG PACK (WET) | AB44: PACK WET | AJ44: 29 | AK44: =IFERROR(VLOOKUP(AJ44&"-"&$D$7,'CUST DATAB'!B:E,3,FALSE),"") | AL44: =IFERROR(VLOOKUP(AJ44&"-"&$D$7,'CUST DATAB'!B:E,4,FALSE),"") | AM44: =IFERROR(IF(VLOOKUP($AK44,$AF$15:$AI$37,4,FALSE)<>0,IF(AL44<>"",VLOOKUP(AL44,'CUST DATAB'!E:F,2,FALSE),""),""),"") | AN44: =IF(AM44<>"",AM44*IF($AA$40="y",VLOOKUP($AA$42,CASES,4,FALSE),IF($AA$40="n",VLOOKUP($Z$6,DP_FB_RELATION,4,FALSE))),"") | AO44: =IFERROR(IF(VLOOKUP($AK44,$AF$15:$AI$37,4,FALSE)<>0,IF(AK44<>"",AN44/$AA$9,""),""),"") | AP44: =IFERROR(IF(VLOOKUP($AK44,$AF$15:$AI$37,4,FALSE)<>0,IF(AL44<>"",$AI$2+AO44,""),""),"")
J45: VALENTINE'S DAY | AA45: =IF(LEFT(AA41,3)="ARR","",IFERROR(ROUND(AB9/IF(AA40="y",VLOOKUP($AA$42,CASES,6,FALSE),0),0),0)) -> 0 | AB45: 9 | AK45: =IFERROR(VLOOKUP(AJ45&"-"&$D$7,'CUST DATAB'!B:E,3,FALSE),"") | AL45: =IFERROR(VLOOKUP(AJ45&"-"&$D$7,'CUST DATAB'!B:E,4,FALSE),"") | AM45: =IFERROR(IF(VLOOKUP($AK45,$AF$15:$AI$37,4,FALSE)<>0,IF(AL45<>"",VLOOKUP(AL45,'CUST DATAB'!E:F,2,FALSE),""),""),"") | AN45: =IF(AM45<>"",AM45*IF($AA$40="y",VLOOKUP($AA$42,CASES,4,FALSE),IF($AA$40="n",VLOOKUP($Z$6,DP_FB_RELATION,4,FALSE))),"") | AO45: =IFERROR(IF(VLOOKUP($AK45,$AF$15:$AI$37,4,FALSE)<>0,IF(AK45<>"",AN45/$AA$9,""),""),"") | AP45: =IFERROR(IF(VLOOKUP($AK45,$AF$15:$AI$37,4,FALSE)<>0,IF(AL45<>"",$AI$2+AO45,""),""),"")
J46: EASTER | AJ46: 31 | AK46: =IFERROR(VLOOKUP(AJ46&"-"&$D$7,'CUST DATAB'!B:E,3,FALSE),"") | AL46: =IFERROR(VLOOKUP(AJ46&"-"&$D$7,'CUST DATAB'!B:E,4,FALSE),"") | AM46: =IFERROR(IF(VLOOKUP($AK46,$AF$15:$AI$37,4,FALSE)<>0,IF(AL46<>"",VLOOKUP(AL46,'CUST DATAB'!E:F,2,FALSE),""),""),"") | AN46: =IF(AM46<>"",AM46*IF($AA$40="y",VLOOKUP($AA$42,CASES,4,FALSE),IF($AA$40="n",VLOOKUP($Z$6,DP_FB_RELATION,4,FALSE))),"") | AO46: =IFERROR(IF(VLOOKUP($AK46,$AF$15:$AI$37,4,FALSE)<>0,IF(AK46<>"",AN46/$AA$9,""),""),"") | AP46: =IFERROR(IF(VLOOKUP($AK46,$AF$15:$AI$37,4,FALSE)<>0,IF(AL46<>"",$AI$2+AO46,""),""),"")
J47: MOTHER'S DAY | Z47: WP COST PER BUNCH | AD47: TOTAL | AJ47: 32 | AK47: =IFERROR(VLOOKUP(AJ47&"-"&$D$7,'CUST DATAB'!B:E,3,FALSE),"") | AL47: =IFERROR(VLOOKUP(AJ47&"-"&$D$7,'CUST DATAB'!B:E,4,FALSE),"") | AM47: =IFERROR(IF(VLOOKUP($AK47,$AF$15:$AI$37,4,FALSE)<>0,IF(AL47<>"",VLOOKUP(AL47,'CUST DATAB'!E:F,2,FALSE),""),""),"") | AN47: =IF(AM47<>"",AM47*IF($AA$40="y",VLOOKUP($AA$42,CASES,4,FALSE),IF($AA$40="n",VLOOKUP($Z$6,DP_FB_RELATION,4,FALSE))),"") | AO47: =IFERROR(IF(VLOOKUP($AK47,$AF$15:$AI$37,4,FALSE)<>0,IF(AK47<>"",AN47/$AA$9,""),""),"") | AP47: =IFERROR(IF(VLOOKUP($AK47,$AF$15:$AI$37,4,FALSE)<>0,IF(AL47<>"",$AI$2+AO47,""),""),"")
J48: FALL COLORS | Z48: Wet Material | AD48: =IF(AA40="y",IFERROR((VLOOKUP(AA42,LIST!$A$130:$H$141,5,FALSE)+VLOOKUP(AA42,LIST!$A$130:$H$141,8,FALSE))/AB45,0),0) -> 0 | AJ48: 33 | AK48: =IFERROR(VLOOKUP(AJ48&"-"&$D$7,'CUST DATAB'!B:E,3,FALSE),"") | AL48: =IFERROR(VLOOKUP(AJ48&"-"&$D$7,'CUST DATAB'!B:E,4,FALSE),"") | AM48: =IFERROR(IF(VLOOKUP($AK48,$AF$15:$AI$37,4,FALSE)<>0,IF(AL48<>"",VLOOKUP(AL48,'CUST DATAB'!E:F,2,FALSE),""),""),"") | AN48: =IF(AM48<>"",AM48*IF($AA$40="y",VLOOKUP($AA$42,CASES,4,FALSE),IF($AA$40="n",VLOOKUP($Z$6,DP_FB_RELATION,4,FALSE))),"") | AO48: =IFERROR(IF(VLOOKUP($AK48,$AF$15:$AI$37,4,FALSE)<>0,IF(AK48<>"",AN48/$AA$9,""),""),"") | AP48: =IFERROR(IF(VLOOKUP($AK48,$AF$15:$AI$37,4,FALSE)<>0,IF(AL48<>"",$AI$2+AO48,""),""),"")
J49: XMAS COLORS | Z49: Labor | AD49: =+(AH16*AI15)+(AH21*AI20)+(AH26*AI25)+(AH31*AI30)+(AH36*AI35)+(AH41*AI40) -> 0 | AJ49: 34 | AK49: =IFERROR(VLOOKUP(AJ49&"-"&$D$7,'CUST DATAB'!B:E,3,FALSE),"") | AL49: =IFERROR(VLOOKUP(AJ49&"-"&$D$7,'CUST DATAB'!B:E,4,FALSE),"") | AM49: =IFERROR(IF(VLOOKUP($AK49,$AF$15:$AI$37,4,FALSE)<>0,IF(AL49<>"",VLOOKUP(AL49,'CUST DATAB'!E:F,2,FALSE),""),""),"") | AN49: =IF(AM49<>"",AM49*IF($AA$40="y",VLOOKUP($AA$42,CASES,4,FALSE),IF($AA$40="n",VLOOKUP($Z$6,DP_FB_RELATION,4,FALSE))),"") | AO49: =IFERROR(IF(VLOOKUP($AK49,$AF$15:$AI$37,4,FALSE)<>0,IF(AK49<>"",AN49/$AA$9,""),""),"") | AP49: =IFERROR(IF(VLOOKUP($AK49,$AF$15:$AI$37,4,FALSE)<>0,IF(AL49<>"",$AI$2+AO49,""),""),"")
Z50: TOTAL WP PROCESS | AD50: =SUM(AD48:AD49) -> 0 | AJ50: 35 | AK50: =IFERROR(VLOOKUP(AJ50&"-"&$D$7,'CUST DATAB'!B:E,3,FALSE),"") | AL50: =IFERROR(VLOOKUP(AJ50&"-"&$D$7,'CUST DATAB'!B:E,4,FALSE),"") | AM50: =IFERROR(IF(VLOOKUP($AK50,$AF$15:$AI$37,4,FALSE)<>0,IF(AL50<>"",VLOOKUP(AL50,'CUST DATAB'!E:F,2,FALSE),""),""),"") | AN50: =IF(AM50<>"",AM50*IF($AA$40="y",VLOOKUP($AA$42,CASES,4,FALSE),IF($AA$40="n",VLOOKUP($Z$6,DP_FB_RELATION,4,FALSE))),"") | AO50: =IFERROR(IF(VLOOKUP($AK50,$AF$15:$AI$37,4,FALSE)<>0,IF(AK50<>"",AN50/$AA$9,""),""),"") | AP50: =IFERROR(IF(VLOOKUP($AK50,$AF$15:$AI$37,4,FALSE)<>0,IF(AL50<>"",$AI$2+AO50,""),""),"")
AJ51: 36 | AK51: =IFERROR(VLOOKUP(AJ51&"-"&$D$7,'CUST DATAB'!B:E,3,FALSE),"") | AL51: =IFERROR(VLOOKUP(AJ51&"-"&$D$7,'CUST DATAB'!B:E,4,FALSE),"") | AM51: =IFERROR(IF(VLOOKUP($AK51,$AF$15:$AI$37,4,FALSE)<>0,IF(AL51<>"",VLOOKUP(AL51,'CUST DATAB'!E:F,2,FALSE),""),""),"") | AN51: =IF(AM51<>"",AM51*IF($AA$40="y",VLOOKUP($AA$42,CASES,4,FALSE),IF($AA$40="n",VLOOKUP($Z$6,DP_FB_RELATION,4,FALSE))),"") | AO51: =IFERROR(IF(VLOOKUP($AK51,$AF$15:$AI$37,4,FALSE)<>0,IF(AK51<>"",AN51/$AA$9,""),""),"") | AP51: =IFERROR(IF(VLOOKUP($AK51,$AF$15:$AI$37,4,FALSE)<>0,IF(AL51<>"",$AI$2+AO51,""),""),"")
AJ52: 37 | AK52: =IFERROR(VLOOKUP(AJ52&"-"&$D$7,'CUST DATAB'!B:E,3,FALSE),"") | AL52: =IFERROR(VLOOKUP(AJ52&"-"&$D$7,'CUST DATAB'!B:E,4,FALSE),"") | AM52: =IFERROR(IF(VLOOKUP($AK52,$AF$15:$AI$37,4,FALSE)<>0,IF(AL52<>"",VLOOKUP(AL52,'CUST DATAB'!E:F,2,FALSE),""),""),"") | AN52: =IF(AM52<>"",AM52*IF($AA$40="y",VLOOKUP($AA$42,CASES,4,FALSE),IF($AA$40="n",VLOOKUP($Z$6,DP_FB_RELATION,4,FALSE))),"") | AO52: =IFERROR(IF(VLOOKUP($AK52,$AF$15:$AI$37,4,FALSE)<>0,IF(AK52<>"",AN52/$AA$9,""),""),"") | AP52: =IFERROR(IF(VLOOKUP($AK52,$AF$15:$AI$37,4,FALSE)<>0,IF(AL52<>"",$AI$2+AO52,""),""),"")
AJ53: 38 | AK53: =IFERROR(VLOOKUP(AJ53&"-"&$D$7,'CUST DATAB'!B:E,3,FALSE),"") | AL53: =IFERROR(VLOOKUP(AJ53&"-"&$D$7,'CUST DATAB'!B:E,4,FALSE),"") | AM53: =IFERROR(IF(VLOOKUP($AK53,$AF$15:$AI$37,4,FALSE)<>0,IF(AL53<>"",VLOOKUP(AL53,'CUST DATAB'!E:F,2,FALSE),""),""),"") | AN53: =IF(AM53<>"",AM53*IF($AA$40="y",VLOOKUP($AA$42,CASES,4,FALSE),IF($AA$40="n",VLOOKUP($Z$6,DP_FB_RELATION,4,FALSE))),"") | AO53: =IFERROR(IF(VLOOKUP($AK53,$AF$15:$AI$37,4,FALSE)<>0,IF(AK53<>"",AN53/$AA$9,""),""),"") | AP53: =IFERROR(IF(VLOOKUP($AK53,$AF$15:$AI$37,4,FALSE)<>0,IF(AL53<>"",$AI$2+AO53,""),""),"")
AJ54: 39 | AK54: =IFERROR(VLOOKUP(AJ54&"-"&$D$7,'CUST DATAB'!B:E,3,FALSE),"") | AL54: =IFERROR(VLOOKUP(AJ54&"-"&$D$7,'CUST DATAB'!B:E,4,FALSE),"") | AM54: =IFERROR(IF(VLOOKUP($AK54,$AF$15:$AI$37,4,FALSE)<>0,IF(AL54<>"",VLOOKUP(AL54,'CUST DATAB'!E:F,2,FALSE),""),""),"") | AN54: =IF(AM54<>"",AM54*IF($AA$40="y",VLOOKUP($AA$42,CASES,4,FALSE),IF($AA$40="n",VLOOKUP($Z$6,DP_FB_RELATION,4,FALSE))),"") | AO54: =IFERROR(IF(VLOOKUP($AK54,$AF$15:$AI$37,4,FALSE)<>0,IF(AK54<>"",AN54/$AA$9,""),""),"") | AP54: =IFERROR(IF(VLOOKUP($AK54,$AF$15:$AI$37,4,FALSE)<>0,IF(AL54<>"",$AI$2+AO54,""),""),"")
AJ55: 40 | AK55: =IFERROR(VLOOKUP(AJ55&"-"&$D$7,'CUST DATAB'!B:E,3,FALSE),"") | AL55: =IFERROR(VLOOKUP(AJ55&"-"&$D$7,'CUST DATAB'!B:E,4,FALSE),"") | AM55: =IFERROR(IF(VLOOKUP($AK55,$AF$15:$AI$37,4,FALSE)<>0,IF(AL55<>"",VLOOKUP(AL55,'CUST DATAB'!E:F,2,FALSE),""),""),"") | AN55: =IF(AM55<>"",AM55*IF($AA$40="y",VLOOKUP($AA$42,CASES,4,FALSE),IF($AA$40="n",VLOOKUP($Z$6,DP_FB_RELATION,4,FALSE))),"") | AO55: =IFERROR(IF(VLOOKUP($AK55,$AF$15:$AI$37,4,FALSE)<>0,IF(AK55<>"",AN55/$AA$9,""),""),"") | AP55: =IFERROR(IF(VLOOKUP($AK55,$AF$15:$AI$37,4,FALSE)<>0,IF(AL55<>"",$AI$2+AO55,""),""),"")
AJ56: 41 | AK56: =IFERROR(VLOOKUP(AJ56&"-"&$D$7,'CUST DATAB'!B:E,3,FALSE),"") | AL56: =IFERROR(VLOOKUP(AJ56&"-"&$D$7,'CUST DATAB'!B:E,4,FALSE),"") | AM56: =IFERROR(IF(VLOOKUP($AK56,$AF$15:$AI$37,4,FALSE)<>0,IF(AL56<>"",VLOOKUP(AL56,'CUST DATAB'!E:F,2,FALSE),""),""),"") | AN56: =IF(AM56<>"",AM56*IF($AA$40="y",VLOOKUP($AA$42,CASES,4,FALSE),IF($AA$40="n",VLOOKUP($Z$6,DP_FB_RELATION,4,FALSE))),"") | AO56: =IFERROR(IF(VLOOKUP($AK56,$AF$15:$AI$37,4,FALSE)<>0,IF(AK56<>"",AN56/$AA$9,""),""),"") | AP56: =IFERROR(IF(VLOOKUP($AK56,$AF$15:$AI$37,4,FALSE)<>0,IF(AL56<>"",$AI$2+AO56,""),""),"")
AJ57: 42 | AK57: =IFERROR(VLOOKUP(AJ57&"-"&$D$7,'CUST DATAB'!B:E,3,FALSE),"") | AL57: =IFERROR(VLOOKUP(AJ57&"-"&$D$7,'CUST DATAB'!B:E,4,FALSE),"") | AM57: =IFERROR(IF(VLOOKUP($AK57,$AF$15:$AI$37,4,FALSE)<>0,IF(AL57<>"",VLOOKUP(AL57,'CUST DATAB'!E:F,2,FALSE),""),""),"") | AN57: =IF(AM57<>"",AM57*IF($AA$40="y",VLOOKUP($AA$42,CASES,4,FALSE),IF($AA$40="n",VLOOKUP($Z$6,DP_FB_RELATION,4,FALSE))),"") | AO57: =IFERROR(IF(VLOOKUP($AK57,$AF$15:$AI$37,4,FALSE)<>0,IF(AK57<>"",AN57/$AA$9,""),""),"") | AP57: =IFERROR(IF(VLOOKUP($AK57,$AF$15:$AI$37,4,FALSE)<>0,IF(AL57<>"",$AI$2+AO57,""),""),"")

Sheet CUST DATAB
B1: LINK | C1: Customer | D1: Warehouse | E1: Store | F1: DEL COST / CUBE
A2: =IF(C2=C1,A1+1,1) -> 1 | B2: =A2&"-"&C2 -> 1-365 BY WHOLE FOODS | C2: 365 BY WHOLE FOODS | D2: CALIFORNIA | E2: 365 BY WHOLE FOODS CEDAR PARK | F2: TO BE DEFINE
A3: =IF(C3=C2,A2+1,1) -> 1 | B3: =A3&"-"&C3 -> 1-NEW CUSTOMER | C3: NEW CUSTOMER | D3: MIAMI | E3: NEW CUSTOMER MIAMI | F3: 0
A4: =IF(C4=C3,A3+1,1) -> 2 | B4: =A4&"-"&C4 -> 2-NEW CUSTOMER | C4: NEW CUSTOMER | D4: NEW JERSEY | E4: NEW CUSTOMER NEW JERSEY | F4: 0
A5: =IF(C5=C4,A4+1,1) -> 3 | B5: =A5&"-"&C5 -> 3-NEW CUSTOMER | C5: NEW CUSTOMER | D5: CALIFORNIA | E5: NEW CUSTOMER CALIFORNIA | F5: 0
A6: =IF(C6=C5,A5+1,1) -> 4 | B6: =A6&"-"&C6 -> 4-NEW CUSTOMER | C6: NEW CUSTOMER | D6: CHICAGO | E6: NEW CUSTOMER CHICAGO | F6: 0
A7: =IF(C7=C6,A6+1,1) -> 5 | B7: =A7&"-"&C7 -> 5-NEW CUSTOMER | C7: NEW CUSTOMER | D7: WASHINGTON | E7: NEW CUSTOMER WASHINGTON | F7: 0
A8: =IF(C8=C7,A7+1,1) -> 1 | B8: =A8&"-"&C8 -> 1-OPEN DESIGN | C8: OPEN DESIGN | D8: MIAMI | E8: OPEN DESIGN MIAMI | F8: 0
A9: =IF(C9=C8,A8+1,1) -> 2 | B9: =A9&"-"&C9 -> 2-OPEN DESIGN | C9: OPEN DESIGN | D9: NEW JERSEY | E9: OPEN DESIGN NEW JERSEY | F9: 0
A10: =IF(C10=C9,A9+1,1) -> 3 | B10: =A10&"-"&C10 -> 3-OPEN DESIGN | C10: OPEN DESIGN | D10: CALIFORNIA | E10: OPEN DESIGN CALIFORNIA | F10: 0
A11: =IF(C11=C10,A10+1,1) -> 4 | B11: =A11&"-"&C11 -> 4-OPEN DESIGN | C11: OPEN DESIGN | D11: CHICAGO | E11: OPEN DESIGN CHICAGO | F11: 0
A12: =IF(C12=C11,A11+1,1) -> 5 | B12: =A12&"-"&C12 -> 5-OPEN DESIGN | C12: OPEN DESIGN | D12: WASHINGTON | E12: OPEN DESIGN WASHINGTON | F12: 0
A13: =IF(C13=C12,A12+1,1) -> 1 | B13: =A13&"-"&C13 -> 1-ABTFW ASSOCIATED WHOLESALE GROCERS | C13: ABTFW ASSOCIATED WHOLESALE GROCERS | D13: MIAMI | E13: ABTFW ASSOCIATED WHOLESALE GROCERS | F13: 2.9
A14: =IF(C14=C13,A13+1,1) -> 1 | B14: =A14&"-"&C14 -> 1-AHOLD | C14: AHOLD | D14: MIAMI | E14: AHOLD OFFICE ACCOUNT | F14: TO BE DEFINE
A15: =IF(C15=C14,A14+1,1) -> 2 | B15: =A15&"-"&C15 -> 2-AHOLD | C15: AHOLD | D15: MIAMI | E15: GIANT OF CARLISLE | F15: TO BE DEFINE
A16: =IF(C16=C15,A15+1,1) -> 3 | B16: =A16&"-"&C16 -> 3-AHOLD | C16: AHOLD | D16: MIAMI | E16: STOP & SHOP FREETOWN - FC#54 | F16: TO BE DEFINE
A17: =IF(C17=C16,A16+1,1) -> 4 | B17: =A17&"-"&C17 -> 4-AHOLD | C17: AHOLD | D17: NEW JERSEY | E17: C & S CHESTER | F17: TO BE DEFINE
A18: =IF(C18=C17,A17+1,1) -> 5 | B18: =A18&"-"&C18 -> 5-AHOLD | C18: AHOLD | D18: NEW JERSEY | E18: PPO OFFICE | F18: TO BE DEFINE
A19: =IF(C19=C18,A18+1,1) -> 1 | B19: =A19&"-"&C19 -> 1-ALBERTSON'S IRVINE | C19: ALBERTSON'S IRVINE | D19: CALIFORNIA | E19: ALBERTSONS IRVINE | F19: TO BE DEFINE
A20: =IF(C20=C19,A19+1,1) -> 1 | B20: =A20&"-"&C20 -> 1-ALBERTSON'S JEWEL | C20: ALBERTSON'S JEWEL | D20: CHICAGO | E20: SUPERVALU JEWEL | F20: 0.3
A21: =IF(C21=C20,A20+1,1) -> 1 | B21: =A21&"-"&C21 -> 1-ALBERTSON'S LANCASTER | C21: ALBERTSON'S LANCASTER | D21: NEW JERSEY | E21: SUPERVALU LANCASTER | F21: TO BE DEFINE
A22: =IF(C22=C21,A21+1,1) -> 2 | B22: =A22&"-"&C22 -> 2-ALBERTSON'S LANCASTER | C22: ALBERTSON'S LANCASTER | D22: NEW JERSEY | E22: SVU LANCASTER, ACME/ALB | F22: TO BE DEFINE
A23: =IF(C23=C22,A22+1,1) -> 1 | B23: =A23&"-"&C23 -> 1-ALBERTSON'S NEWELL & CO | C23: ALBERTSON'S NEWELL & CO | D23: MIAMI | E23: SUPERVALU W. NEWELL & CO. | F23: 2.35
A24: =IF(C24=C23,A23+1,1) -> 1 | B24: =A24&"-"&C24 -> 1-ALBERTSON'S PHOENIX | C24: ALBERTSON'S PHOENIX | D24: MIAMI | E24: ALBERTSON PHOENIX | F24: 3.88
A25: =IF(C25=C24,A24+1,1) -> 1 | B25: =A25&"-"&C25 -> 1-ALBERTSON'S PORTLAND | C25: ALBERTSON'S PORTLAND | D25: CALIFORNIA | E25: ALBERTSON´S PORTLAND | F25: TO BE DEFINE
A26: =IF(C26=C25,A25+1,1) -> 2 | B26: =A26&"-"&C26 -> 2-ALBERTSON'S PORTLAND | C26: ALBERTSON'S PORTLAND | D26: CALIFORNIA | E26: SUPERVALU PORTLAND | F26: TO BE DEFINE
A27: =IF(C27=C26,A26+1,1) -> 1 | B27: =A27&"-"&C27 -> 1-ALBERTSON'S SALT LAKE CITY | C27: ALBERTSON'S SALT LAKE CITY | D27: MIAMI | E27: ALBERTSON´S SALT LAKE CITY | F27: TO BE DEFINE
A28: =IF(C28=C27,A27+1,1) -> 1 | B28: =A28&"-"&C28 -> 1-ALBERTSON'S SHAWS | C28: ALBERTSON'S SHAWS | D28: NEW JERSEY | E28: SHAWS SUPERMARKETS INC | F28: TO BE DEFINE
A29: =IF(C29=C28,A28+1,1) -> 2 | B29: =A29&"-"&C29 -> 2-ALBERTSON'S SHAWS | C29: ALBERTSON'S SHAWS | D29: NEW JERSEY | E29: SHAWS/STAR - ABS | F29: TO BE DEFINE
A30: =IF(C30=C29,A29+1,1) -> 1 | B30: =A30&"-"&C30 -> 1-ASSOCIATED WHOLESALE GROCERS INC | C30: ASSOCIATED WHOLESALE GROCERS INC | D30: MIAMI | E30: ASSOCIATED SPRINGFIELD | F30: TO BE DEFINE
A31: =IF(C31=C30,A30+1,1) -> 1 | B31: =A31&"-"&C31 -> 1-BILO | C31: BILO | D31: MIAMI | E31: BILO / C&S MAULDIN | F31: TO BE DEFINE
A32: =IF(C32=C31,A31+1,1) -> 1 | B32: =A32&"-"&C32 -> 1-BOZZUTO´S IGA INC | C32: BOZZUTO´S IGA INC | D32: NEW JERSEY | E32: BOZZUTOS IGA INC | F32: 1.49
A33: =IF(C33=C32,A32+1,1) -> 2 | B33: =A33&"-"&C33 -> 2-BOZZUTO´S IGA INC | C33: BOZZUTO´S IGA INC | D33: NEW JERSEY | E33: KING KULLEN | F33: TO BE DEFINE
A34: =IF(C34=C33,A33+1,1) -> 1 | B34: =A34&"-"&C34 -> 1-BRISTOL FARMS | C34: BRISTOL FARMS | D34: CALIFORNIA | E34: BRISTOL FARMS | F34: TO BE DEFINE
A35: =IF(C35=C34,A34+1,1) -> 1 | B35: =A35&"-"&C35 -> 1-DBA WESTERN BEEF PRODUCE | C35: DBA WESTERN BEEF PRODUCE | D35: NEW JERSEY | E35: DBA WESTERN BEEF PRODUCE-INV | F35: TO BE DEFINE
A36: =IF(C36=C35,A35+1,1) -> 2 | B36: =A36&"-"&C36 -> 2-DBA WESTERN BEEF PRODUCE | C36: DBA WESTERN BEEF PRODUCE | D36: NEW JERSEY | E36: DSD BRUCKNER BLVD # 062 | F36: TO BE DEFINE
A37: =IF(C37=C36,A36+1,1) -> 3 | B37: =A37&"-"&C37 -> 3-DBA WESTERN BEEF PRODUCE | C37: DBA WESTERN BEEF PRODUCE | D37: NEW JERSEY | E37: DSD WB MORRIS AVE BRONX # 010 | F37: TO BE DEFINE
A38: =IF(C38=C37,A37+1,1) -> 4 | B38: =A38&"-"&C38 -> 4-DBA WESTERN BEEF PRODUCE | C38: DBA WESTERN BEEF PRODUCE | D38: NEW JERSEY | E38: FOOD NATION | F38: TO BE DEFINE
A39: =IF(C39=C38,A38+1,1) -> 1 | B39: =A39&"-"&C39 -> 1-EARTH FARE INC | C39: EARTH FARE INC | D39: MIAMI | E39: EARTH FARE | F39: TO BE DEFINE
A40: =IF(C40=C39,A39+1,1) -> 1 | B40: =A40&"-"&C40 -> 1-EFS FRESH DIRECT, LLC | C40: EFS FRESH DIRECT, LLC | D40: NEW JERSEY | E40: FRESH DIRECT , LLC | F40: TO BE DEFINE
A41: =IF(C41=C40,A40+1,1) -> 1 | B41: =A41&"-"&C41 -> 1-EFS INDIANA GROCERY GROUP, LLC | C41: EFS INDIANA GROCERY GROUP, LLC | D41: CHICAGO | E41: 8746 ULTRA PROSPECT HEIGHTS | F41: 0.8
A42: =IF(C42=C41,A41+1,1) -> 1 | B42: =A42&"-"&C42 -> 1-WALMART | C42: WALMART | D42: CALIFORNIA | E42: WAL-MART DC #6084 LOS LUNAS, NM | F42: 2.1
A43: =IF(C43=C42,A42+1,1) -> 2 | B43: =A43&"-"&C43 -> 2-WALMART | C43: WALMART | D43: CALIFORNIA | E43: WAL-MART DC #6090 CORINNE, UT | F43: 2.1
A44: =IF(C44=C43,A43+1,1) -> 3 | B44: =A44&"-"&C44 -> 3-WALMART | C44: WALMART | D44: CALIFORNIA | E44: WAL-MART DC #7013 CASA GRANDE, AZ | F44: 2.1
A45: =IF(C45=C44,A44+1,1) -> 4 | B45: =A45&"-"&C45 -> 4-WALMART | C45: WALMART | D45: CALIFORNIA | E45: WAL-MART DC #7018 NORTH PLATTE, NE | F45: 2.1
A46: =IF(C46=C45,A45+1,1) -> 5 | B46: =A46&"-"&C46 -> 5-WALMART | C46: WALMART | D46: CALIFORNIA | E46: WAL-MART DC #7021 GRANDVIEW, WA | F46: 2.1
A47: =IF(C47=C46,A46+1,1) -> 6 | B47: =A47&"-"&C47 -> 6-WALMART | C47: WALMART | D47: CALIFORNIA | E47: WAL-MART DC #7048 SPARKS, NV | F47: 2.1
A48: =IF(C48=C47,A47+1,1) -> 7 | B48: =A48&"-"&C48 -> 7-WALMART | C48: WALMART | D48: CALIFORNIA | E48: WAL-MART DC #7077 CHEYENNE, WY | F48: 2.1
A49: =IF(C49=C48,A48+1,1) -> 8 | B49: =A49&"-"&C49 -> 8-WALMART | C49: WALMART | D49: CALIFORNIA | E49: WAL-MART DC #7084 RIVERSIDE, CA | F49: 1.12
A50: =IF(C50=C49,A49+1,1) -> 9 | B50: =A50&"-"&C50 -> 9-WALMART | C50: WALMART | D50: CALIFORNIA | E50: WAL-MART DC #7095 COLTON, CA | F50: 1.12
A51: =IF(C51=C50,A50+1,1) -> 10 | B51: =A51&"-"&C51 -> 10-WALMART | C51: WALMART | D51: MIAMI | E51: WAL-MART DC #6042 PAULS VALLEY, OK | F51: 2.1
A52: =IF(C52=C51,A51+1,1) -> 11 | B52: =A52&"-"&C52 -> 11-WALMART | C52: WALMART | D52: MIAMI | E52: WAL-MART DC #6047 BEDFORD, PA | F52: 2.1
... A83: =IF(C83=C82,A82+1,1) -> 42 | B83: =A83&"-"&C83 -> 42-WALMART | C83: WALMART | D83: MIAMI | E83: WAL-MART DC #7055 GAS CITY, IN | F83: 2.1
A84: =IF(C84=C83,A83+1,1) -> 43 | B84: =A84&"-"&C84 -> 43-WALMART | C84: WALMART | D84: MIAMI | E84: WAL-MART DC #7079, MANKATO, MN GDC | F84: TO BE DEFINE
A85: =IF(C85=C84,A84+1,1) -> 1 | B85: =A85&"-"&C85 -> 1-SAFEWAY | C85: SAFEWAY | D85: CALIFORNIA | E85: SAFEWAY NORCAL TRACY | F85: 1.4
A86: =IF(C86=C85,A85+1,1) -> 2 | B86: =A86&"-"&C86 -> 2-SAFEWAY | C86: SAFEWAY | D86: CALIFORNIA | E86: SAFEWAY PORTLAND | F86: 3.8
A87: =IF(C87=C86,A86+1,1) -> 3 | B87: =A87&"-"&C87 -> 3-SAFEWAY | C87: SAFEWAY | D87: CALIFORNIA | E87: SAFEWAY VONS | F87: 0.5
A88: =IF(C88=C87,A87+1,1) -> 4 | B88: =A88&"-"&C88 -> 4-SAFEWAY | C88: SAFEWAY | D88: MIAMI | E88: SAFEWAY AUBURN FLORAL | F88: 3.8
A89: =IF(C89=C88,A88+1,1) -> 5 | B89: =A89&"-"&C89 -> 5-SAFEWAY | C89: SAFEWAY | D89: MIAMI | E89: SAFEWAY COLLINGTON FLORAL | F89: 2.69
A90: =IF(C90=C89,A89+1,1) -> 6 | B90: =A90&"-"&C90 -> 6-SAFEWAY | C90: SAFEWAY | D90: MIAMI | E90: SAFEWAY DENVER | F90: 3.11
A91: =IF(C91=C90,A90+1,1) -> 7 | B91: =A91&"-"&C91 -> 7-SAFEWAY | C91: SAFEWAY | D91: MIAMI | E91: SAFEWAY PHOENIX WAREHOUSE | F91: 3.66
A92: =IF(C92=C91,A91+1,1) -> 8 | B92: =A92&"-"&C92 -> 8-SAFEWAY | C92: SAFEWAY | D92: MIAMI | E92: SAFEWAY RANDALLS HOUSTON | F92: TO BE DEFINE
A93: =IF(C93=C92,A92+1,1) -> 9 | B93: =A93&"-"&C93 -> 9-SAFEWAY | C93: SAFEWAY | D93: MIAMI | E93: SAFEWAY RANDALLS DALLAS | F93: TO BE DEFINE
A94: =IF(C94=C93,A93+1,1) -> 10 | B94: =A94&"-"&C94 -> 10-SAFEWAY | C94: SAFEWAY | D94: MIAMI | E94: SAFEWAY SALT LAKE | F94: TO BE DEFINE
A95: =IF(C95=C94,A94+1,1) -> 11 | B95: =A95&"-"&C95 -> 11-SAFEWAY | C95: SAFEWAY | D95: MIAMI | E95: SAFEWAY SPOKANE FLORAL | F95: 3.8
A96: =IF(C96=C95,A95+1,1) -> 1 | B96: =A96&"-"&C96 -> 1-FARM FRESH -SUPERVALU CENTRAL FLORAL WHOLESALE | C96: FARM FRESH -SUPERVALU CENTRAL FLORAL WHOLESALE | D96: MIAMI | E96: SUPERVALU CENTRAL FLORAL WHOLESALE | F96: TO BE DEFINE
A97: =IF(C97=C96,A96+1,1) -> 1 | B97: =A97&"-"&C97 -> 1-GIANT EAGLE | C97: GIANT EAGLE | D97: NEW JERSEY | E97: CLEVELAND PERISHABLE FACILITY | F97: 2.42
A98: =IF(C98=C97,A97+1,1) -> 2 | B98: =A98&"-"&C98 -> 2-GIANT EAGLE | C98: GIANT EAGLE | D98: NEW JERSEY | E98: CRAFTON PERISHABLE FACILITY | F98: 1.06
A99: =IF(C99=C98,A98+1,1) -> 1 | B99: =A99&"-"&C99 -> 1-H.E.BUTT GROCERY COMPANY | C99: H.E.BUTT GROCERY COMPANY | D99: MIAMI | E99: H.E.B. FLORAL WAREHOUSE | F99: 0
A100: =IF(C100=C99,A99+1,1) -> 1 | B100: =A100&"-"&C100 -> 1-HARRIS TEETER | C100: HARRIS TEETER | D100: MIAMI | E100: HARRIS TEETER | F100: 0
A101: =IF(C101=C100,A100+1,1) -> 1 | B101: =A101&"-"&C101 -> 1-PUBLIX | C101: PUBLIX | D101: MIAMI | E101: ORLANDO | F101: 0
A102: =IF(C102=C101,A101+1,1) -> 2 | B102: =A102&"-"&C102 -> 2-PUBLIX | C102: PUBLIX | D102: MIAMI | E102: JACKSONVILLE | F102: 0
A103: =IF(C103=C102,A102+1,1) -> 3 | B103: =A103&"-"&C103 -> 3-PUBLIX | C103: PUBLIX | D103: MIAMI | E103: ATLANTA | F103: 0
A104: =IF(C104=C103,A103+1,1) -> 4 | B104: =A104&"-"&C104 -> 4-PUBLIX | C104: PUBLIX | D104: MIAMI | E104: LAKELAND | F104: 0
A105: =IF(C105=C104,A104+1,1) -> 5 | B105: =A105&"-"&C105 -> 5-PUBLIX | C105: PUBLIX | D105: MIAMI | E105: MIAMI | F105: 0
A106: =IF(C106=C105,A105+1,1) -> 1 | B106: =A106&"-"&C106 -> 1-KEY FLORAL | C106: KEY FLORAL | D106: NEW JERSEY | E106: KEY FLORAL | F106: 1.22
A107: =IF(C107=C106,A106+1,1) -> 1 | B107: =A107&"-"&C107 -> 1-LEGACY FLOWERS S | C107: LEGACY FLOWERS S | D107: SUNBURST | E107: LEGACY FLOWERS S | F107: 0
A108: =IF(C108=C107,A107+1,1) -> 1 | B108: =A108&"-"&C108 -> 1-MATRANAS PRODUCE | C108: MATRANAS PRODUCE | D108: MIAMI | E108: IGA MARKETS | F108: TO BE DEFINE
A109: =IF(C109=C108,A108+1,1) -> 2 | B109: =A109&"-"&C109 -> 2-MATRANAS PRODUCE | C109: MATRANAS PRODUCE | D109: MIAMI | E109: ROUSES SUPERMARKET/MATRANAS PRODUCE | F109: 2.7
A110: =IF(C110=C109,A109+1,1) -> 1 | B110: =A110&"-"&C110 -> 1-PROCACCI BROTHERS INC. | C110: PROCACCI BROTHERS INC. | D110: NEW JERSEY | E110: PROCACCI BROTHERS | F110: TO BE DEFINE
A111: =IF(C111=C110,A110+1,1) -> 1 | B111: =A111&"-"&C111 -> 1-RALEY'S SUPERMARKETS | C111: RALEY'S SUPERMARKETS | D111: CALIFORNIA | E111: RALEY'S DISTRIBUTION CENTER | F111: 3
A112: =IF(C112=C111,A111+1,1) -> 1 | B112: =A112&"-"&C112 -> 1-SOLOMON'S FRESH MARKET - BAHAMA'S | C112: SOLOMON'S FRESH MARKET - BAHAMA'S | D112: MIAMI | E112: SOLOMON'S FRESH MARKET -HARBOR BAY NASSAU BAHAMAS | F112: 0
A113: =IF(C113=C112,A112+1,1) -> 2 | B113: =A113&"-"&C113 -> 2-SOLOMON'S FRESH MARKET - BAHAMA'S | C113: SOLOMON'S FRESH MARKET - BAHAMA'S | D113: MIAMI | E113: SOLOMON'S LUCAYA, FREEPORT # 103 | F113: 0
A114: =IF(C114=C113,A113+1,1) -> 3 | B114: =A114&"-"&C114 -> 3-SOLOMON'S FRESH MARKET - BAHAMA'S | C114: SOLOMON'S FRESH MARKET - BAHAMA'S | D114: MIAMI | E114: SOLOMON'S SUPER CENTER NASSAU #101 | F114: 0
A115: =IF(C115=C114,A114+1,1) -> 1 | B115: =A115&"-"&C115 -> 1-SPARTAN STORES INC. | C115: SPARTAN STORES INC. | D115: CHICAGO | E115: SPARTAN STORES INC. | F115: 0.62
A116: =IF(C116=C114,A114+1,1) -> 1 | B116: =A116&"-"&C116 -> 1-SPROUTS FARMERS MARKET | C116: SPROUTS FARMERS MARKET | D116: CALIFORNIA | E116: ARIZONA | F116: 1.2
A117: =IF(C117=C116,A116+1,1) -> 2 | B117: =A117&"-"&C117 -> 2-SPROUTS FARMERS MARKET | C117: SPROUTS FARMERS MARKET | D117: CALIFORNIA | E117: CALIFORNIA | F117: 0.81
A118: =IF(C118=C117,A117+1,1) -> 3 | B118: =A118&"-"&C118 -> 3-SPROUTS FARMERS MARKET | C118: SPROUTS FARMERS MARKET | D118: CALIFORNIA | E118: TEXAS | F118: 1.85
A119: =IF(C119=C118,A118+1,1) -> 1 | B119: =A119&"-"&C119 -> 1-STRUBE CELERY AND VEGETABLE COMPANY | C119: STRUBE CELERY AND VEGETABLE COMPANY | D119: CHICAGO | E119: STRUBE CELERY AND VEGETABLE COMPANY | F119: 0.31
A120: =IF(C120=C119,A119+1,1) -> 2 | B120: =A120&"-"&C120 -> 2-STRUBE CELERY AND VEGETABLE COMPANY | C120: STRUBE CELERY AND VEGETABLE COMPANY | D120: CHICAGO | E120: STRUBE/BUTERA | F120: 0.31
A121: =IF(C121=C120,A120+1,1) -> 3 | B121: =A121&"-"&C121 -> 3-STRUBE CELERY AND VEGETABLE COMPANY | C121: STRUBE CELERY AND VEGETABLE COMPANY | D121: CHICAGO | E121: STRUBE/CAPUTO | F121: 0.31
A122: =IF(C122=C121,A121+1,1) -> 4 | B122: =A122&"-"&C122 -> 4-STRUBE CELERY AND VEGETABLE COMPANY | C122: STRUBE CELERY AND VEGETABLE COMPANY | D122: CHICAGO | E122: STRUBE/CAPUTO BLOOM | F122: 0.31
A123: =IF(C123=C122,A122+1,1) -> 5 | B123: =A123&"-"&C123 -> 5-STRUBE CELERY AND VEGETABLE COMPANY | C123: STRUBE CELERY AND VEGETABLE COMPANY | D123: CHICAGO | E123: STRUBE/CAPUTO HP | F123: 0.31
A124: =IF(C124=C123,A123+1,1) -> 6 | B124: =A124&"-"&C124 -> 6-STRUBE CELERY AND VEGETABLE COMPANY | C124: STRUBE CELERY AND VEGETABLE COMPANY | D124: CHICAGO | E124: STRUBE/CAPUTO NAPERVILLE | F124: 0.31
A125: =IF(C125=C124,A124+1,1) -> 7 | B125: =A125&"-"&C125 -> 7-STRUBE CELERY AND VEGETABLE COMPANY | C125: STRUBE CELERY AND VEGETABLE COMPANY | D125: CHICAGO | E125: STRUBE/PETE´S FRESH MARKET | F125: 0.31
A126: =IF(C126=C125,A125+1,1) -> 8 | B126: =A126&"-"&C126 -> 8-STRUBE CELERY AND VEGETABLE COMPANY | C126: STRUBE CELERY AND VEGETABLE COMPANY | D126: CHICAGO | E126: STRUBE/VALLI PRODUCE | F126: 0.31
A127: =IF(C127=C126,A126+1,1) -> 1 | B127: =A127&"-"&C127 -> 1-SUPERVALU | C127: SUPERVALU | D127: MIAMI | E127: SUPERVALU | F127: 2.35
A128: =IF(C128=C127,A127+1,1) -> 2 | B128: =A128&"-"&C128 -> 2-SUPERVALU | C128: SUPERVALU | D128: MIAMI | E128: SUPERVALU MECHANICSVILLE | F128: 0.31
... A173: =IF(C173=C172,A172+1,1) -> 5 | B173: =A173&"-"&C173 -> 5-TRADER JOE´S | C173: TRADER JOE´S | D173: CHICAGO | E173: WCD MINOOKA | F173: 0.3
A174: =IF(C174=C173,A173+1,1) -> 6 | B174: =A174&"-"&C174 -> 6-TRADER JOE´S | C174: TRADER JOE´S | D174: TEXAS | E174: IRVING TEXAS | F174: TO BE DEFINE
...

Sheet HOUSE MADE BQT CHART
C3: NAME: | D3: PRETTY BQT | X3: STEM COUNT | Y3: =IF(SUM(B:B)<=10,"MUST BE > 10",SUM(B:B)) -> 12 | AA3: FOB FACILITY FINAL PRICE | AD3: =IF(SUM($B$11:$B$35)<=10,"STEMS",AD5+(AD5*AG3)+(SUM($AD$8:$AD$9)*SUM($K$11:$K$35))) -> #N/A | AE3: MARGIN | AG3: 0.1
X5: SUGGESTED PACK (WP) | Y5: =IFERROR(ROUND(1/SUM(N:N),0),0) -> 0 | AA5: TOTAL COST FOB FACILITY | AD5: =Y18+SUM($AA$21:$AA$32) -> #N/A
C6: HOLIDAY : | D6: EVERYDAY
C7: CUSTOMER | D7: TRADER JOE´S | X7: PACK (WP) | Y7: 12
L8: VOL FULL INBOUND | M8: VOL FULL TRANSFER | N8: VOL WP | O8: INBOUND(U$) | P8: TNT | Q8: GLI | R8: TNT + GLI | S8: BIC | AA8: WASTE % | AD8: 0.02
Q9: GLI | S9: GLI | AA9: CREDITS % | AD9: 0.005
B10: STEMS | C10: FLOWER | D10: TINT | E10: GLI | F10: BIC | G10: ORIG | H10: COLOR | I10: USA COST | J10: COST | K10: TOTAL | P10: TNT | T10: ORIGEN | U10: VLOOKUP | V10: USA COST | X10: FLOWER | Y10: COST
A11: =IFERROR(VLOOKUP(C11,LIST!$A$3:$C$61,4,FALSE),"") | B11: 6 | C11: ROSES | H11: RED | J11: =IF(AND(T11<>"USA",U11<>"USA",V11="NO"),IFERROR((VLOOKUP(C11,FL_COST_COL,MATCH(VLOOKUP($D$6,LIST!$A$111:$B$116,2,FALSE),'FL COST'!$A$1:$G$1,0),FALSE)+IF(D11="Y",0.02,0)+IF(E11="Y",0.02,0)),0),IF(AND(T11<>"USA",U11<>"USA",V11="$"),"ERASE USA COST",IF(AND(T11<>"USA",U11="USA",V11="NO"),"SELECT USA",IF(AND(T11<>"USA",U11="USA",V11="$"),"SELECT USA",IF(AND(T11="USA",U11<>"USA",V11="NO"),"USA COST",IF(AND(T11="USA",U11<>"USA",V11="$"),I11,IF(AND(T11="USA",U11="USA",V11="NO"),"USA COST",IF(AND(T11="USA",U11="USA",V11="$"),I11,IF(C11="",""))))))))) -> 0 | K11: =IFERROR(B11*J11,"ERROR") -> 0 | L11: =IF(G11="USA",0,B11*1/VLOOKUP(C11,PACK!A:B,15,FALSE)) -> #N/A | M11: =B11*1/VLOOKUP(C11,PACK!A:B,15,FALSE) -> #N/A | N11: =B11*1/VLOOKUP(C11,PACK!A:B,9,FALSE) -> #N/A | O11: =IF(B11<>0,L11*VLOOKUP($D$6,FB_COST,3,FALSE),0) -> #N/A | P11: =ISNUMBER(MATCH("TNT_"&A11,TINTED!#REF!,0)) -> FALSE | Q11: =ISNUMBER(MATCH("GLT_"&A11,GLITTERED!#REF!,0)) -> FALSE | R11: =ISNUMBER(MATCH("TNT_GLT_"&A11,'TNT-GLT'!$B$1:$O$1,0)) -> FALSE | S11: =ISNUMBER(MATCH("BC_"&A11,BICOLOR!$B$1:$P$1,0)) -> FALSE | T11: =IF(OR(G11="",G11="COL"),"COL","USA") -> COL | U11: =IFERROR(IF(VLOOKUP(C11,FL_COST_COL,2,FALSE)="USA","USA","COL"),"") | V11: =IF(I11<>"","$","NO") -> NO | X11: FLOWER COST FOB COL | Y11: =SUMIFS(K:K,G:G,"COL")+SUMIFS(K:K,G:G,"") -> 0
A12: =IFERROR(VLOOKUP(C12,LIST!$A$3:$C$61,4,FALSE),"") | B12: 6 | C12: ROSES | H12: LIGHT PINK | J12: =IF(AND(T12<>"USA",U12<>"USA",V12="NO"),IFERROR((VLOOKUP(C12,FL_COST_COL,MATCH(VLOOKUP($D$6,LIST!$A$111:$B$116,2,FALSE),'FL COST'!$A$1:$G$1,0),FALSE)+IF(D12="Y",0.02,0)+IF(E12="Y",0.02,0)),0),IF(AND(T12<>"USA",U12<>"USA",V12="$"),"ERASE USA COST",IF(AND(T12<>"USA",U12="USA",V12="NO"),"SELECT USA",IF(AND(T12<>"USA",U12="USA",V12="$"),"SELECT USA",IF(AND(T12="USA",U12<>"USA",V12="NO"),"USA COST",IF(AND(T12="USA",U12<>"USA",V12="$"),I12,IF(AND(T12="USA",U12="USA",V12="NO"),"USA COST",IF(AND(T12="USA",U12="USA",V12="$"),I12,IF(C12="",""))))))))) -> 0 | K12: =IFERROR(B12*J12,"ERROR") -> 0 | L12: =IF(G12="USA",0,B12*1/VLOOKUP(C12,PACK!A:B,15,FALSE)) -> #N/A | M12: =B12*1/VLOOKUP(C12,PACK!A:B,15,FALSE) -> #N/A | N12: =B12*1/VLOOKUP(C12,PACK!A:B,9,FALSE) -> #N/A | O12: =IF(B12<>0,L12*VLOOKUP($D$6,FB_COST,3,FALSE),0) -> #N/A | P12: =ISNUMBER(MATCH("TNT_"&A12,TINTED!#REF!,0)) -> FALSE | Q12: =ISNUMBER(MATCH("GLT_"&A12,GLITTERED!#REF!,0)) -> FALSE | R12: =ISNUMBER(MATCH("TNT_GLT_"&A12,'TNT-GLT'!$B$1:$O$1,0)) -> FALSE | S12: =ISNUMBER(MATCH("BC_"&A12,BICOLOR!$B$1:$P$1,0)) -> FALSE | T12: =IF(OR(G12="",G12="COL"),"COL","USA") -> COL | U12: =IFERROR(IF(VLOOKUP(C12,FL_COST_COL,2,FALSE)="USA","USA","COL"),"") | V12: =IF(I12<>"","$","NO") -> NO | X12: FLOWER COST LOCAL | Y12: =SUMIFS(K:K,G:G,"USA") -> 0 | AD12: MIAMI | AE12: MIA | AF12: % | AH12: WAREHOUSE | AI12: LOCATION | AJ12: $ / CUBE | AK12: $ / CASE | AL12: $ / BUNCH | AM12: DELIVERY COST
A13: =IFERROR(VLOOKUP(C13,LIST!$A$3:$C$61,4,FALSE),"") | J13: =IF(AND(T13<>"USA",U13<>"USA",V13="NO"),IFERROR((VLOOKUP(C13,FL_COST_COL,MATCH(VLOOKUP($D$6,LIST!$A$111:$B$116,2,FALSE),'FL COST'!$A$1:$G$1,0),FALSE)+IF(D13="Y",0.02,0)+IF(E13="Y",0.02,0)),0),IF(AND(T13<>"USA",U13<>"USA",V13="$"),"ERASE USA COST",IF(AND(T13<>"USA",U13="USA",V13="NO"),"SELECT USA",IF(AND(T13<>"USA",U13="USA",V13="$"),"SELECT USA",IF(AND(T13="USA",U13<>"USA",V13="NO"),"USA COST",IF(AND(T13="USA",U13<>"USA",V13="$"),I13,IF(AND(T13="USA",U13="USA",V13="NO"),"USA COST",IF(AND(T13="USA",U13="USA",V13="$"),I13,IF(C13="",""))))))))) -> 0 | K13: =IFERROR(B13*J13,"ERROR") -> 0 | L13: =IF(G13="USA",0,B13*1/VLOOKUP(C13,PACK!A:B,15,FALSE)) -> #N/A | M13: =B13*1/VLOOKUP(C13,PACK!A:B,15,FALSE) -> #N/A | N13: =B13*1/VLOOKUP(C13,PACK!A:B,9,FALSE) -> #N/A | O13: =IF(B13<>0,L13*VLOOKUP($D$6,FB_COST,3,FALSE),0) -> 0 | P13: =ISNUMBER(MATCH("TNT_"&A13,TINTED!#REF!,0)) -> FALSE | Q13: =ISNUMBER(MATCH("GLT_"&A13,GLITTERED!#REF!,0)) -> FALSE | R13: =ISNUMBER(MATCH("TNT_GLT_"&A13,'TNT-GLT'!$B$1:$O$1,0)) -> FALSE | S13: =ISNUMBER(MATCH("BC_"&A13,BICOLOR!$B$1:$P$1,0)) -> FALSE | T13: =IF(OR(G13="",G13="COL"),"COL","USA") -> COL | U13: =IFERROR(IF(VLOOKUP(C13,FL_COST_COL,2,FALSE)="USA","USA","COL"),"") | V13: =IF(I13<>"","$","NO") -> NO | X13: INBOUND FREIGHT COST | Y13: =SUM(O:O) -> #N/A | AC13: MIAMI | AD13: TRANSFER COST | AE13: =SUM(M:M)*VLOOKUP(AE12,LIST!$A$121:$C$126,3,FALSE) -> #N/A | AF13: 0.1 | AG13: 1 | AH13: =IFERROR(VLOOKUP(AG13&"-"&$D$7,'CUST DATAB'!B:E,3,FALSE),"") -> CALIFORNIA | AI13: =IFERROR(VLOOKUP(AG13&"-"&$D$7,'CUST DATAB'!B:E,4,FALSE),"") -> FONTANA | AJ13: =IFERROR(IF(VLOOKUP($AH13,$AC$13:$AF$35,4,FALSE)<>0,IF(AI13<>"",VLOOKUP(AI13,'CUST DATAB'!E:F,2,FALSE),""),""),"") -> 0.29 | AK13: =IFERROR(IF(VLOOKUP($AH13,$AC$13:$AF$35,4,FALSE)<>0,IF(AI13<>"",AJ13*$Y$34,""),""),"") -> 1.0069444 | AL13: =IFERROR(IF(VLOOKUP($AH13,$AC$13:$AF$35,4,FALSE)<>0,IF(AH13<>"",AK13/$Y$7,""),""),"") -> 0.083912037 | AM13: =IFERROR(IF(VLOOKUP($AH13,$AC$13:$AF$35,4,FALSE)<>0,IF(AI13<>"",$AD$3+AL13,""),""),"")
A14: =IFERROR(VLOOKUP(C14,LIST!$A$3:$C$61,4,FALSE),"") | J14: =IF(AND(T14<>"USA",U14<>"USA",V14="NO"),IFERROR((VLOOKUP(C14,FL_COST_COL,MATCH(VLOOKUP($D$6,LIST!$A$111:$B$116,2,FALSE),'FL COST'!$A$1:$G$1,0),FALSE)+IF(D14="Y",0.02,0)+IF(E14="Y",0.02,0)),0),IF(AND(T14<>"USA",U14<>"USA",V14="$"),"ERASE USA COST",IF(AND(T14<>"USA",U14="USA",V14="NO"),"SELECT USA",IF(AND(T14<>"USA",U14="USA",V14="$"),"SELECT USA",IF(AND(T14="USA",U14<>"USA",V14="NO"),"USA COST",IF(AND(T14="USA",U14<>"USA",V14="$"),I14,IF(AND(T14="USA",U14="USA",V14="NO"),"USA COST",IF(AND(T14="USA",U14="USA",V14="$"),I14,IF(C14="",""))))))))) -> 0 | K14: =IFERROR(B14*J14,"ERROR") -> 0 | L14: =IF(G14="USA",0,B14*1/VLOOKUP(C14,PACK!A:B,15,FALSE)) -> #N/A | M14: =B14*1/VLOOKUP(C14,PACK!A:B,15,FALSE) -> #N/A | N14: =B14*1/VLOOKUP(C14,PACK!A:B,9,FALSE) -> #N/A | O14: =IF(B14<>0,L14*VLOOKUP($D$6,FB_COST,3,FALSE),0) -> 0 | P14: =ISNUMBER(MATCH("TNT_"&A14,TINTED!#REF!,0)) -> FALSE | Q14: =ISNUMBER(MATCH("GLT_"&A14,GLITTERED!#REF!,0)) -> FALSE | R14: =ISNUMBER(MATCH("TNT_GLT_"&A14,'TNT-GLT'!$B$1:$O$1,0)) -> FALSE | S14: =ISNUMBER(MATCH("BC_"&A14,BICOLOR!$B$1:$P$1,0)) -> FALSE | T14: =IF(OR(G14="",G14="COL"),"COL","USA") -> COL | U14: =IFERROR(IF(VLOOKUP(C14,FL_COST_COL,2,FALSE)="USA","USA","COL"),"") | V14: =IF(I14<>"","$","NO") -> NO | X14: FLOWER COST FOB MIA | Y14: =+SUM(Y11:Y13) -> #N/A | AD14: HAND LABOR | AE14: =VLOOKUP(AE12,LIST!$A$231:$F$236,MATCH($Y$3,LIST!$A$229:$F$229,1),FALSE) -> 0.94 | AG14: 2 | AH14: =IFERROR(VLOOKUP(AG14&"-"&$D$7,'CUST DATAB'!B:E,3,FALSE),"") -> CALIFORNIA | AI14: =IFERROR(VLOOKUP(AG14&"-"&$D$7,'CUST DATAB'!B:E,4,FALSE),"") -> CROSS DOCK WAREHOUSE ARIZONA | AJ14: =IFERROR(IF(VLOOKUP($AH14,$AC$13:$AF$35,4,FALSE)<>0,IF(AI14<>"",VLOOKUP(AI14,'CUST DATAB'!E:F,2,FALSE),""),""),"") -> 0.61 | AK14: =IFERROR(IF(VLOOKUP($AH14,$AC$13:$AF$35,4,FALSE)<>0,IF(AI14<>"",AJ14*$Y$34,""),""),"") -> 2.1180556 | AL14: =IFERROR(IF(VLOOKUP($AH14,$AC$13:$AF$35,4,FALSE)<>0,IF(AH14<>"",AK14/$Y$7,""),""),"") -> 0.17650463 | AM14: =IFERROR(IF(VLOOKUP($AH14,$AC$13:$AF$35,4,FALSE)<>0,IF(AI14<>"",$AD$3+AL14,""),""),"")
A15: =IFERROR(VLOOKUP(C15,LIST!$A$3:$C$61,4,FALSE),"") | J15: =IF(AND(T15<>"USA",U15<>"USA",V15="NO"),IFERROR((VLOOKUP(C15,FL_COST_COL,MATCH(VLOOKUP($D$6,LIST!$A$111:$B$116,2,FALSE),'FL COST'!$A$1:$G$1,0),FALSE)+IF(D15="Y",0.02,0)+IF(E15="Y",0.02,0)),0),IF(AND(T15<>"USA",U15<>"USA",V15="$"),"ERASE USA COST",IF(AND(T15<>"USA",U15="USA",V15="NO"),"SELECT USA",IF(AND(T15<>"USA",U15="USA",V15="$"),"SELECT USA",IF(AND(T15="USA",U15<>"USA",V15="NO"),"USA COST",IF(AND(T15="USA",U15<>"USA",V15="$"),I15,IF(AND(T15="USA",U15="USA",V15="NO"),"USA COST",IF(AND(T15="USA",U15="USA",V15="$"),I15,IF(C15="",""))))))))) -> 0 | K15: =IFERROR(B15*J15,"ERROR") -> 0 | L15: =IF(G15="USA",0,B15*1/VLOOKUP(C15,PACK!A:B,15,FALSE)) -> #N/A | M15: =B15*1/VLOOKUP(C15,PACK!A:B,15,FALSE) -> #N/A | N15: =B15*1/VLOOKUP(C15,PACK!A:B,9,FALSE) -> #N/A | O15: =IF(B15<>0,L15*VLOOKUP($D$6,FB_COST,3,FALSE),0) -> 0 | P15: =ISNUMBER(MATCH("TNT_"&A15,TINTED!#REF!,0)) -> FALSE | Q15: =ISNUMBER(MATCH("GLT_"&A15,GLITTERED!#REF!,0)) -> FALSE | R15: =ISNUMBER(MATCH("TNT_GLT_"&A15,'TNT-GLT'!$B$1:$O$1,0)) -> FALSE | S15: =ISNUMBER(MATCH("BC_"&A15,BICOLOR!$B$1:$P$1,0)) -> FALSE | T15: =IF(OR(G15="",G15="COL"),"COL","USA") -> COL | U15: =IFERROR(IF(VLOOKUP(C15,FL_COST_COL,2,FALSE)="USA","USA","COL"),"") | V15: =IF(I15<>"","$","NO") -> NO | AD15: SUB TOTAL | AE15: =+$Y$14+SUM($AA$21:$AA$32)+AE13+AE14 -> #N/A | AG15: 3 | AH15: =IFERROR(VLOOKUP(AG15&"-"&$D$7,'CUST DATAB'!B:E,3,FALSE),"") -> CALIFORNIA | AI15: =IFERROR(VLOOKUP(AG15&"-"&$D$7,'CUST DATAB'!B:E,4,FALSE),"") -> LACEY XDOCK | AJ15: =IFERROR(IF(VLOOKUP($AH15,$AC$13:$AF$35,4,FALSE)<>0,IF(AI15<>"",VLOOKUP(AI15,'CUST DATAB'!E:F,2,FALSE),""),""),"") -> 1.5 | AK15: =IFERROR(IF(VLOOKUP($AH15,$AC$13:$AF$35,4,FALSE)<>0,IF(AI15<>"",AJ15*$Y$34,""),""),"") -> 5.2083333 | AL15: =IFERROR(IF(VLOOKUP($AH15,$AC$13:$AF$35,4,FALSE)<>0,IF(AH15<>"",AK15/$Y$7,""),""),"") -> 0.43402778 | AM15: =IFERROR(IF(VLOOKUP($AH15,$AC$13:$AF$35,4,FALSE)<>0,IF(AI15<>"",$AD$3+AL15,""),""),"")
A16: =IFERROR(VLOOKUP(C16,LIST!$A$3:$C$61,4,FALSE),"") | J16: =IF(AND(T16<>"USA",U16<>"USA",V16="NO"),IFERROR((VLOOKUP(C16,FL_COST_COL,MATCH(VLOOKUP($D$6,LIST!$A$111:$B$116,2,FALSE),'FL COST'!$A$1:$G$1,0),FALSE)+IF(D16="Y",0.02,0)+IF(E16="Y",0.02,0)),0),IF(AND(T16<>"USA",U16<>"USA",V16="$"),"ERASE USA COST",IF(AND(T16<>"USA",U16="USA",V16="NO"),"SELECT USA",IF(AND(T16<>"USA",U16="USA",V16="$"),"SELECT USA",IF(AND(T16="USA",U16<>"USA",V16="NO"),"USA COST",IF(AND(T16="USA",U16<>"USA",V16="$"),I16,IF(AND(T16="USA",U16="USA",V16="NO"),"USA COST",IF(AND(T16="USA",U16="USA",V16="$"),I16,IF(C16="",""))))))))) -> 0 | K16: =IFERROR(B16*J16,"ERROR") -> 0 | L16: =IF(G16="USA",0,B16*1/VLOOKUP(C16,PACK!A:B,15,FALSE)) -> #N/A | M16: =B16*1/VLOOKUP(C16,PACK!A:B,15,FALSE) -> #N/A | N16: =B16*1/VLOOKUP(C16,PACK!A:B,9,FALSE) -> #N/A | O16: =IF(B16<>0,L16*VLOOKUP($D$6,FB_COST,3,FALSE),0) -> 0 | P16: =ISNUMBER(MATCH("TNT_"&A16,TINTED!#REF!,0)) -> FALSE | Q16: =ISNUMBER(MATCH("GLT_"&A16,GLITTERED!#REF!,0)) -> FALSE | R16: =ISNUMBER(MATCH("TNT_GLT_"&A16,'TNT-GLT'!$B$1:$O$1,0)) -> FALSE | S16: =ISNUMBER(MATCH("BC_"&A16,BICOLOR!$B$1:$P$1,0)) -> FALSE | T16: =IF(OR(G16="",G16="COL"),"COL","USA") -> COL | U16: =IFERROR(IF(VLOOKUP(C16,FL_COST_COL,2,FALSE)="USA","USA","COL"),"") | V16: =IF(I16<>"","$","NO") -> NO | X16: TRANSFER FACILITY COST | Y16: =(AE13*AF13)+(AE18*AF18)+(AE23*AF23)+(AE28*AF28)+(AE33*AF33)+(AE38*AF38) -> #N/A | AG16: 4 | AH16: =IFERROR(VLOOKUP(AG16&"-"&$D$7,'CUST DATAB'!B:E,3,FALSE),"") -> CALIFORNIA | AI16: =IFERROR(VLOOKUP(AG16&"-"&$D$7,'CUST DATAB'!B:E,4,FALSE),"") -> STOCKTON CROSS DOCK | AJ16: =IFERROR(IF(VLOOKUP($AH16,$AC$13:$AF$35,4,FALSE)<>0,IF(AI16<>"",VLOOKUP(AI16,'CUST DATAB'!E:F,2,FALSE),""),""),"") -> 1.5 | AK16: =IFERROR(IF(VLOOKUP($AH16,$AC$13:$AF$35,4,FALSE)<>0,IF(AI16<>"",AJ16*$Y$34,""),""),"") -> 5.2083333 | AL16: =IFERROR(IF(VLOOKUP($AH16,$AC$13:$AF$35,4,FALSE)<>0,IF(AH16<>"",AK16/$Y$7,""),""),"") -> 0.43402778 | AM16: =IFERROR(IF(VLOOKUP($AH16,$AC$13:$AF$35,4,FALSE)<>0,IF(AI16<>"",$AD$3+AL16,""),""),"")
A17: =IFERROR(VLOOKUP(C17,LIST!$A$3:$C$61,4,FALSE),"") | J17: =IF(AND(T17<>"USA",U17<>"USA",V17="NO"),IFERROR((VLOOKUP(C17,FL_COST_COL,MATCH(VLOOKUP($D$6,LIST!$A$111:$B$116,2,FALSE),'FL COST'!$A$1:$G$1,0),FALSE)+IF(D17="Y",0.02,0)+IF(E17="Y",0.02,0)),0),IF(AND(T17<>"USA",U17<>"USA",V17="$"),"ERASE USA COST",IF(AND(T17<>"USA",U17="USA",V17="NO"),"SELECT USA",IF(AND(T17<>"USA",U17="USA",V17="$"),"SELECT USA",IF(AND(T17="USA",U17<>"USA",V17="NO"),"USA COST",IF(AND(T17="USA",U17<>"USA",V17="$"),I17,IF(AND(T17="USA",U17="USA",V17="NO"),"USA COST",IF(AND(T17="USA",U17="USA",V17="$"),I17,IF(C17="",""))))))))) -> 0 | K17: =IFERROR(B17*J17,"ERROR") -> 0 | L17: =IF(G17="USA",0,B17*1/VLOOKUP(C17,PACK!A:B,15,FALSE)) -> #N/A | M17: =B17*1/VLOOKUP(C17,PACK!A:B,15,FALSE) -> #N/A | N17: =B17*1/VLOOKUP(C17,PACK!A:B,9,FALSE) -> #N/A | O17: =IF(B17<>0,L17*VLOOKUP($D$6,FB_COST,3,FALSE),0) -> 0 | P17: =ISNUMBER(MATCH("TNT_"&A17,TINTED!#REF!,0)) -> FALSE | Q17: =ISNUMBER(MATCH("GLT_"&A17,GLITTERED!#REF!,0)) -> FALSE | R17: =ISNUMBER(MATCH("TNT_GLT_"&A17,'TNT-GLT'!$B$1:$O$1,0)) -> FALSE | S17: =ISNUMBER(MATCH("BC_"&A17,BICOLOR!$B$1:$P$1,0)) -> FALSE | T17: =IF(OR(G17="",G17="COL"),"COL","USA") -> COL | U17: =IFERROR(IF(VLOOKUP(C17,FL_COST_COL,2,FALSE)="USA","USA","COL"),"") | V17: =IF(I17<>"","$","NO") -> NO | X17: LABOR COST | Y17: =+(AE14*AF13)+(AE19*AF18)+(AE24*AF23)+(AE29*AF28)+(AE34*AF33)+(AE39*AF38) -> 0.94 | AD17: NEW JERSEY | AE17: NJ | AF17: % | AG17: 5 | AH17: =IFERROR(VLOOKUP(AG17&"-"&$D$7,'CUST DATAB'!B:E,3,FALSE),"") -> CHICAGO | AI17: =IFERROR(VLOOKUP(AG17&"-"&$D$7,'CUST DATAB'!B:E,4,FALSE),"") -> WCD MINOOKA | AJ17: =IFERROR(IF(VLOOKUP($AH17,$AC$13:$AF$35,4,FALSE)<>0,IF(AI17<>"",VLOOKUP(AI17,'CUST DATAB'!E:F,2,FALSE),""),""),"") -> 0.3 | AK17: =IFERROR(IF(VLOOKUP($AH17,$AC$13:$AF$35,4,FALSE)<>0,IF(AI17<>"",AJ17*$Y$34,""),""),"") -> 1.0416667 | AL17: =IFERROR(IF(VLOOKUP($AH17,$AC$13:$AF$35,4,FALSE)<>0,IF(AH17<>"",AK17/$Y$7,""),""),"") -> 0.086805556 | AM17: =IFERROR(IF(VLOOKUP($AH17,$AC$13:$AF$35,4,FALSE)<>0,IF(AI17<>"",$AD$3+AL17,""),""),"")
A18: =IFERROR(VLOOKUP(C18,LIST!$A$3:$C$61,4,FALSE),"") | J18: =IF(AND(T18<>"USA",U18<>"USA",V18="NO"),IFERROR((VLOOKUP(C18,FL_COST_COL,MATCH(VLOOKUP($D$6,LIST!$A$111:$B$116,2,FALSE),'FL COST'!$A$1:$G$1,0),FALSE)+IF(D18="Y",0.02,0)+IF(E18="Y",0.02,0)),0),IF(AND(T18<>"USA",U18<>"USA",V18="$"),"ERASE USA COST",IF(AND(T18<>"USA",U18="USA",V18="NO"),"SELECT USA",IF(AND(T18<>"USA",U18="USA",V18="$"),"SELECT USA",IF(AND(T18="USA",U18<>"USA",V18="NO"),"USA COST",IF(AND(T18="USA",U18<>"USA",V18="$"),I18,IF(AND(T18="USA",U18="USA",V18="NO"),"USA COST",IF(AND(T18="USA",U18="USA",V18="$"),I18,IF(C18="",""))))))))) -> 0 | K18: =IFERROR(B18*J18,"ERROR") -> 0 | L18: =IF(G18="USA",0,B18*1/VLOOKUP(C18,PACK!A:B,15,FALSE)) -> #N/A | M18: =B18*1/VLOOKUP(C18,PACK!A:B,15,FALSE) -> #N/A | N18: =B18*1/VLOOKUP(C18,PACK!A:B,9,FALSE) -> #N/A | O18: =IF(B18<>0,L18*VLOOKUP($D$6,FB_COST,3,FALSE),0) -> 0 | P18: =ISNUMBER(MATCH("TNT_"&A18,TINTED!#REF!,0)) -> FALSE | Q18: =ISNUMBER(MATCH("GLT_"&A18,GLITTERED!#REF!,0)) -> FALSE | R18: =ISNUMBER(MATCH("TNT_GLT_"&A18,'TNT-GLT'!$B$1:$O$1,0)) -> FALSE | S18: =ISNUMBER(MATCH("BC_"&A18,BICOLOR!$B$1:$P$1,0)) -> FALSE | T18: =IF(OR(G18="",G18="COL"),"COL","USA") -> COL | U18: =IFERROR(IF(VLOOKUP(C18,FL_COST_COL,2,FALSE)="USA","USA","COL"),"") | V18: =IF(I18<>"","$","NO") -> NO | X18: FLOWER FOB FACILITY COST | Y18: =+Y14+Y16+Y17 -> #N/A | AC18: NEW JERSEY | AD18: TRANSFER COST | AE18: =SUM(M:M)*VLOOKUP(AE17,LIST!$A$121:$C$126,3,FALSE) -> #N/A | AF18: 0.1 | AG18: 6 | AH18: =IFERROR(VLOOKUP(AG18&"-"&$D$7,'CUST DATAB'!B:E,3,FALSE),"") -> TEXAS | AI18: =IFERROR(VLOOKUP(AG18&"-"&$D$7,'CUST DATAB'!B:E,4,FALSE),"") -> IRVING TEXAS | AJ18: =IFERROR(IF(VLOOKUP($AH18,$AC$13:$AF$35,4,FALSE)<>0,IF(AI18<>"",VLOOKUP(AI18,'CUST DATAB'!E:F,2,FALSE),""),""),"") | AK18: =IFERROR(IF(VLOOKUP($AH18,$AC$13:$AF$35,4,FALSE)<>0,IF(AI18<>"",AJ18*$Y$34,""),""),"") | AL18: =IFERROR(IF(VLOOKUP($AH18,$AC$13:$AF$35,4,FALSE)<>0,IF(AH18<>"",AK18/$Y$7,""),""),"") | AM18: =IFERROR(IF(VLOOKUP($AH18,$AC$13:$AF$35,4,FALSE)<>0,IF(AI18<>"",$AD$3+AL18,""),""),"")
A19: =IFERROR(VLOOKUP(C19,LIST!$A$3:$C$61,4,FALSE),"") | J19: =IF(AND(T19<>"USA",U19<>"USA",V19="NO"),IFERROR((VLOOKUP(C19,FL_COST_COL,MATCH(VLOOKUP($D$6,LIST!$A$111:$B$116,2,FALSE),'FL COST'!$A$1:$G$1,0),FALSE)+IF(D19="Y",0.02,0)+IF(E19="Y",0.02,0)),0),IF(AND(T19<>"USA",U19<>"USA",V19="$"),"ERASE USA COST",IF(AND(T19<>"USA",U19="USA",V19="NO"),"SELECT USA",IF(AND(T19<>"USA",U19="USA",V19="$"),"SELECT USA",IF(AND(T19="USA",U19<>"USA",V19="NO"),"USA COST",IF(AND(T19="USA",U19<>"USA",V19="$"),I19,IF(AND(T19="USA",U19="USA",V19="NO"),"USA COST",IF(AND(T19="USA",U19="USA",V19="$"),I19,IF(C19="",""))))))))) -> 0 | K19: =IFERROR(B19*J19,"ERROR") -> 0 | L19: =IF(G19="USA",0,B19*1/VLOOKUP(C19,PACK!A:B,15,FALSE)) -> #N/A | M19: =B19*1/VLOOKUP(C19,PACK!A:B,15,FALSE) -> #N/A | N19: =B19*1/VLOOKUP(C19,PACK!A:B,9,FALSE) -> #N/A | O19: =IF(B19<>0,L19*VLOOKUP($D$6,FB_COST,3,FALSE),0) -> 0 | P19: =ISNUMBER(MATCH("TNT_"&A19,TINTED!#REF!,0)) -> FALSE | Q19: =ISNUMBER(MATCH("GLT_"&A19,GLITTERED!#REF!,0)) -> FALSE | R19: =ISNUMBER(MATCH("TNT_GLT_"&A19,'TNT-GLT'!$B$1:$O$1,0)) -> FALSE | S19: =ISNUMBER(MATCH("BC_"&A19,BICOLOR!$B$1:$P$1,0)) -> FALSE | T19: =IF(OR(G19="",G19="COL"),"COL","USA") -> COL | U19: =IFERROR(IF(VLOOKUP(C19,FL_COST_COL,2,FALSE)="USA","USA","COL"),"") | V19: =IF(I19<>"","$","NO") -> NO | AD19: HAND LABOR | AE19: =VLOOKUP(AE17,LIST!$A$231:$F$236,MATCH($Y$3,LIST!$A$229:$F$229,1),FALSE) -> 0.94 | AG19: 7 | AH19: =IFERROR(VLOOKUP(AG19&"-"&$D$7,'CUST DATAB'!B:E,3,FALSE),"") -> MIAMI | AI19: =IFERROR(VLOOKUP(AG19&"-"&$D$7,'CUST DATAB'!B:E,4,FALSE),"") -> DAYTONA | AJ19: =IFERROR(IF(VLOOKUP($AH19,$AC$13:$AF$35,4,FALSE)<>0,IF(AI19<>"",VLOOKUP(AI19,'CUST DATAB'!E:F,2,FALSE),""),""),"") -> TO BE DEFINE | AK19: =IFERROR(IF(VLOOKUP($AH19,$AC$13:$AF$35,4,FALSE)<>0,IF(AI19<>"",AJ19*$Y$34,""),""),"") | AL19: =IFERROR(IF(VLOOKUP($AH19,$AC$13:$AF$35,4,FALSE)<>0,IF(AH19<>"",AK19/$Y$7,""),""),"") | AM19: =IFERROR(IF(VLOOKUP($AH19,$AC$13:$AF$35,4,FALSE)<>0,IF(AI19<>"",$AD$3+AL19,""),""),"")
A20: =IFERROR(VLOOKUP(C20,LIST!$A$3:$C$61,4,FALSE),"") | J20: =IF(AND(T20<>"USA",U20<>"USA",V20="NO"),IFERROR((VLOOKUP(C20,FL_COST_COL,MATCH(VLOOKUP($D$6,LIST!$A$111:$B$116,2,FALSE),'FL COST'!$A$1:$G$1,0),FALSE)+IF(D20="Y",0.02,0)+IF(E20="Y",0.02,0)),0),IF(AND(T20<>"USA",U20<>"USA",V20="$"),"ERASE USA COST",IF(AND(T20<>"USA",U20="USA",V20="NO"),"SELECT USA",IF(AND(T20<>"USA",U20="USA",V20="$"),"SELECT USA",IF(AND(T20="USA",U20<>"USA",V20="NO"),"USA COST",IF(AND(T20="USA",U20<>"USA",V20="$"),I20,IF(AND(T20="USA",U20="USA",V20="NO"),"USA COST",IF(AND(T20="USA",U20="USA",V20="$"),I20,IF(C20="",""))))))))) -> 0 | K20: =IFERROR(B20*J20,"ERROR") -> 0 | L20: =IF(G20="USA",0,B20*1/VLOOKUP(C20,PACK!A:B,15,FALSE)) -> #N/A | M20: =B20*1/VLOOKUP(C20,PACK!A:B,15,FALSE) -> #N/A | N20: =B20*1/VLOOKUP(C20,PACK!A:B,9,FALSE) -> #N/A | O20: =IF(B20<>0,L20*VLOOKUP($D$6,FB_COST,3,FALSE),0) -> 0 | P20: =ISNUMBER(MATCH("TNT_"&A20,TINTED!#REF!,0)) -> FALSE | Q20: =ISNUMBER(MATCH("GLT_"&A20,GLITTERED!#REF!,0)) -> FALSE | R20: =ISNUMBER(MATCH("TNT_GLT_"&A20,'TNT-GLT'!$B$1:$O$1,0)) -> FALSE | S20: =ISNUMBER(MATCH("BC_"&A20,BICOLOR!$B$1:$P$1,0)) -> FALSE | T20: =IF(OR(G20="",G20="COL"),"COL","USA") -> COL | U20: =IFERROR(IF(VLOOKUP(C20,FL_COST_COL,2,FALSE)="USA","USA","COL"),"") | V20: =IF(I20<>"","$","NO") -> NO | W20: 0 | X20: DRY MATERIAL | Y20: COST | Z20: Y/N | AA20: TOTAL | AD20: SUB TOTAL | AE20: =+$Y$14+SUM($AA$21:$AA$32)+AE18+AE19 -> #N/A | AG20: 8 | AH20: =IFERROR(VLOOKUP(AG20&"-"&$D$7,'CUST DATAB'!B:E,3,FALSE),"") -> NEW JERSEY | AI20: =IFERROR(VLOOKUP(AG20&"-"&$D$7,'CUST DATAB'!B:E,4,FALSE),"") -> NAZARETH CROSS DOCK | AJ20: =IFERROR(IF(VLOOKUP($AH20,$AC$13:$AF$35,4,FALSE)<>0,IF(AI20<>"",VLOOKUP(AI20,'CUST DATAB'!E:F,2,FALSE),""),""),"") -> TO BE DEFINE | AK20: =IFERROR(IF(VLOOKUP($AH20,$AC$13:$AF$35,4,FALSE)<>0,IF(AI20<>"",AJ20*$Y$34,""),""),"") | AL20: =IFERROR(IF(VLOOKUP($AH20,$AC$13:$AF$35,4,FALSE)<>0,IF(AH20<>"",AK20/$Y$7,""),""),"") | AM20: =IFERROR(IF(VLOOKUP($AH20,$AC$13:$AF$35,4,FALSE)<>0,IF(AI20<>"",$AD$3+AL20,""),""),"")
A21: =IFERROR(VLOOKUP(C21,LIST!$A$3:$C$61,4,FALSE),"") | J21: =IF(AND(T21<>"USA",U21<>"USA",V21="NO"),IFERROR((VLOOKUP(C21,FL_COST_COL,MATCH(VLOOKUP($D$6,LIST!$A$111:$B$116,2,FALSE),'FL COST'!$A$1:$G$1,0),FALSE)+IF(D21="Y",0.02,0)+IF(E21="Y",0.02,0)),0),IF(AND(T21<>"USA",U21<>"USA",V21="$"),"ERASE USA COST",IF(AND(T21<>"USA",U21="USA",V21="NO"),"SELECT USA",IF(AND(T21<>"USA",U21="USA",V21="$"),"SELECT USA",IF(AND(T21="USA",U21<>"USA",V21="NO"),"USA COST",IF(AND(T21="USA",U21<>"USA",V21="$"),I21,IF(AND(T21="USA",U21="USA",V21="NO"),"USA COST",IF(AND(T21="USA",U21="USA",V21="$"),I21,IF(C21="",""))))))))) -> 0 | K21: =IFERROR(B21*J21,"ERROR") -> 0 | L21: =IF(G21="USA",0,B21*1/VLOOKUP(C21,PACK!A:B,15,FALSE)) -> #N/A | M21: =B21*1/VLOOKUP(C21,PACK!A:B,15,FALSE) -> #N/A | N21: =B21*1/VLOOKUP(C21,PACK!A:B,9,FALSE) -> #N/A | O21: =IF(B21<>0,L21*VLOOKUP($D$6,FB_COST,3,FALSE),0) -> 0 | P21: =ISNUMBER(MATCH("TNT_"&A21,TINTED!#REF!,0)) -> FALSE | Q21: =ISNUMBER(MATCH("GLT_"&A21,GLITTERED!#REF!,0)) -> FALSE | R21: =ISNUMBER(MATCH("TNT_GLT_"&A21,'TNT-GLT'!$B$1:$O$1,0)) -> FALSE | S21: =ISNUMBER(MATCH("BC_"&A21,BICOLOR!$B$1:$P$1,0)) -> FALSE | T21: =IF(OR(G21="",G21="COL"),"COL","USA") -> COL | U21: =IFERROR(IF(VLOOKUP(C21,FL_COST_COL,2,FALSE)="USA","USA","COL"),"") | V21: =IF(I21<>"","$","NO") -> NO | W21: =IF(Z21="Y",MAX(W20)+1,"") -> 1 | X21: CLEAR SLEEVE | Y21: 0.06 | Z21: Y | AA21: =IF(Z21="Y",Y21,"") -> 0.06 | AG21: 9 | AH21: =IFERROR(VLOOKUP(AG21&"-"&$D$7,'CUST DATAB'!B:E,3,FALSE),"") -> NEW JERSEY | AI21: =IFERROR(VLOOKUP(AG21&"-"&$D$7,'CUST DATAB'!B:E,4,FALSE),"") -> MASSACHUSETTS | AJ21: =IFERROR(IF(VLOOKUP($AH21,$AC$13:$AF$35,4,FALSE)<>0,IF(AI21<>"",VLOOKUP(AI21,'CUST DATAB'!E:F,2,FALSE),""),""),"") -> 1.62 | AK21: =IFERROR(IF(VLOOKUP($AH21,$AC$13:$AF$35,4,FALSE)<>0,IF(AI21<>"",AJ21*$Y$34,""),""),"") -> 5.625 | AL21: =IFERROR(IF(VLOOKUP($AH21,$AC$13:$AF$35,4,FALSE)<>0,IF(AH21<>"",AK21/$Y$7,""),""),"") -> 0.46875 | AM21: =IFERROR(IF(VLOOKUP($AH21,$AC$13:$AF$35,4,FALSE)<>0,IF(AI21<>"",$AD$3+AL21,""),""),"")
A22: =IFERROR(VLOOKUP(C22,LIST!$A$3:$C$61,4,FALSE),"") | J22: =IF(AND(T22<>"USA",U22<>"USA",V22="NO"),IFERROR((VLOOKUP(C22,FL_COST_COL,MATCH(VLOOKUP($D$6,LIST!$A$111:$B$116,2,FALSE),'FL COST'!$A$1:$G$1,0),FALSE)+IF(D22="Y",0.02,0)+IF(E22="Y",0.02,0)),0),IF(AND(T22<>"USA",U22<>"USA",V22="$"),"ERASE USA COST",IF(AND(T22<>"USA",U22="USA",V22="NO"),"SELECT USA",IF(AND(T22<>"USA",U22="USA",V22="$"),"SELECT USA",IF(AND(T22="USA",U22<>"USA",V22="NO"),"USA COST",IF(AND(T22="USA",U22<>"USA",V22="$"),I22,IF(AND(T22="USA",U22="USA",V22="NO"),"USA COST",IF(AND(T22="USA",U22="USA",V22="$"),I22,IF(C22="",""))))))))) -> 0 | K22: =IFERROR(B22*J22,"ERROR") -> 0 | L22: =IF(G22="USA",0,B22*1/VLOOKUP(C22,PACK!A:B,15,FALSE)) -> #N/A | M22: =B22*1/VLOOKUP(C22,PACK!A:B,15,FALSE) -> #N/A | N22: =B22*1/VLOOKUP(C22,PACK!A:B,9,FALSE) -> #N/A | O22: =IF(B22<>0,L22*VLOOKUP($D$6,FB_COST,3,FALSE),0) -> 0 | P22: =ISNUMBER(MATCH("TNT_"&A22,TINTED!#REF!,0)) -> FALSE | Q22: =ISNUMBER(MATCH("GLT_"&A22,GLITTERED!#REF!,0)) -> FALSE | R22: =ISNUMBER(MATCH("TNT_GLT_"&A22,'TNT-GLT'!$B$1:$O$1,0)) -> FALSE | S22: =ISNUMBER(MATCH("BC_"&A22,BICOLOR!$B$1:$P$1,0)) -> FALSE | T22: =IF(OR(G22="",G22="COL"),"COL","USA") -> COL | U22: =IFERROR(IF(VLOOKUP(C22,FL_COST_COL,2,FALSE)="USA","USA","COL"),"") | V22: =IF(I22<>"","$","NO") -> NO | W22: =IF(Z22="Y",MAX($W$20:W21)+1,"") | X22: CLEAR SLEEVE LARGE | Y22: 0.08 | AA22: =IF(Z22="Y",Y22,"") | AD22: CALIFORNIA | AE22: LAX | AF22: % | AG22: 10 | AH22: =IFERROR(VLOOKUP(AG22&"-"&$D$7,'CUST DATAB'!B:E,3,FALSE),"") | AI22: =IFERROR(VLOOKUP(AG22&"-"&$D$7,'CUST DATAB'!B:E,4,FALSE),"") | AJ22: =IFERROR(IF(VLOOKUP($AH22,$AC$13:$AF$35,4,FALSE)<>0,IF(AI22<>"",VLOOKUP(AI22,'CUST DATAB'!E:F,2,FALSE),""),""),"") | AK22: =IFERROR(IF(VLOOKUP($AH22,$AC$13:$AF$35,4,FALSE)<>0,IF(AI22<>"",AJ22*$Y$34,""),""),"") | AL22: =IFERROR(IF(VLOOKUP($AH22,$AC$13:$AF$35,4,FALSE)<>0,IF(AH22<>"",AK22/$Y$7,""),""),"") | AM22: =IFERROR(IF(VLOOKUP($AH22,$AC$13:$AF$35,4,FALSE)<>0,IF(AI22<>"",$AD$3+AL22,""),""),"")
A23: =IFERROR(VLOOKUP(C23,LIST!$A$3:$C$61,4,FALSE),"") | J23: =IF(AND(T23<>"USA",U23<>"USA",V23="NO"),IFERROR((VLOOKUP(C23,FL_COST_COL,MATCH(VLOOKUP($D$6,LIST!$A$111:$B$116,2,FALSE),'FL COST'!$A$1:$G$1,0),FALSE)+IF(D23="Y",0.02,0)+IF(E23="Y",0.02,0)),0),IF(AND(T23<>"USA",U23<>"USA",V23="$"),"ERASE USA COST",IF(AND(T23<>"USA",U23="USA",V23="NO"),"SELECT USA",IF(AND(T23<>"USA",U23="USA",V23="$"),"SELECT USA",IF(AND(T23="USA",U23<>"USA",V23="NO"),"USA COST",IF(AND(T23="USA",U23<>"USA",V23="$"),I23,IF(AND(T23="USA",U23="USA",V23="NO"),"USA COST",IF(AND(T23="USA",U23="USA",V23="$"),I23,IF(C23="",""))))))))) -> 0 | K23: =IFERROR(B23*J23,"ERROR") -> 0 | L23: =IF(G23="USA",0,B23*1/VLOOKUP(C23,PACK!A:B,15,FALSE)) -> #N/A | M23: =B23*1/VLOOKUP(C23,PACK!A:B,15,FALSE) -> #N/A | N23: =B23*1/VLOOKUP(C23,PACK!A:B,9,FALSE) -> #N/A | O23: =IF(B23<>0,L23*VLOOKUP($D$6,FB_COST,3,FALSE),0) -> 0 | P23: =ISNUMBER(MATCH("TNT_"&A23,TINTED!#REF!,0)) -> FALSE | Q23: =ISNUMBER(MATCH("GLT_"&A23,GLITTERED!#REF!,0)) -> FALSE | R23: =ISNUMBER(MATCH("TNT_GLT_"&A23,'TNT-GLT'!$B$1:$O$1,0)) -> FALSE | S23: =ISNUMBER(MATCH("BC_"&A23,BICOLOR!$B$1:$P$1,0)) -> FALSE | T23: =IF(OR(G23="",G23="COL"),"COL","USA") -> COL | U23: =IFERROR(IF(VLOOKUP(C23,FL_COST_COL,2,FALSE)="USA","USA","COL"),"") | V23: =IF(I23<>"","$","NO") -> NO | W23: =IF(Z23="Y",MAX($W$20:W22)+1,"") | X23: FOOD | Y23: 0.054 | AA23: =IF(Z23="Y",Y23,"") | AC23: CALIFORNIA | AD23: TRANSFER COST | AE23: =SUM(M:M)*VLOOKUP(AE22,LIST!$A$121:$C$126,3,FALSE) -> #N/A | AF23: 0.1 | AG23: 11 | AH23: =IFERROR(VLOOKUP(AG23&"-"&$D$7,'CUST DATAB'!B:E,3,FALSE),"") | AI23: =IFERROR(VLOOKUP(AG23&"-"&$D$7,'CUST DATAB'!B:E,4,FALSE),"") | AJ23: =IFERROR(IF(VLOOKUP($AH23,$AC$13:$AF$35,4,FALSE)<>0,IF(AI23<>"",VLOOKUP(AI23,'CUST DATAB'!E:F,2,FALSE),""),""),"") | AK23: =IFERROR(IF(VLOOKUP($AH23,$AC$13:$AF$35,4,FALSE)<>0,IF(AI23<>"",AJ23*$Y$34,""),""),"") | AL23: =IFERROR(IF(VLOOKUP($AH23,$AC$13:$AF$35,4,FALSE)<>0,IF(AH23<>"",AK23/$Y$7,""),""),"") | AM23: =IFERROR(IF(VLOOKUP($AH23,$AC$13:$AF$35,4,FALSE)<>0,IF(AI23<>"",$AD$3+AL23,""),""),"")
A24: =IFERROR(VLOOKUP(C24,LIST!$A$3:$C$61,4,FALSE),"") | J24: =IF(AND(T24<>"USA",U24<>"USA",V24="NO"),IFERROR((VLOOKUP(C24,FL_COST_COL,MATCH(VLOOKUP($D$6,LIST!$A$111:$B$116,2,FALSE),'FL COST'!$A$1:$G$1,0),FALSE)+IF(D24="Y",0.02,0)+IF(E24="Y",0.02,0)),0),IF(AND(T24<>"USA",U24<>"USA",V24="$"),"ERASE USA COST",IF(AND(T24<>"USA",U24="USA",V24="NO"),"SELECT USA",IF(AND(T24<>"USA",U24="USA",V24="$"),"SELECT USA",IF(AND(T24="USA",U24<>"USA",V24="NO"),"USA COST",IF(AND(T24="USA",U24<>"USA",V24="$"),I24,IF(AND(T24="USA",U24="USA",V24="NO"),"USA COST",IF(AND(T24="USA",U24="USA",V24="$"),I24,IF(C24="",""))))))))) -> 0 | K24: =IFERROR(B24*J24,"ERROR") -> 0 | L24: =IF(G24="USA",0,B24*1/VLOOKUP(C24,PACK!A:B,15,FALSE)) -> #N/A | M24: =B24*1/VLOOKUP(C24,PACK!A:B,15,FALSE) -> #N/A | N24: =B24*1/VLOOKUP(C24,PACK!A:B,9,FALSE) -> #N/A | O24: =IF(B24<>0,L24*VLOOKUP($D$6,FB_COST,3,FALSE),0) -> 0 | P24: =ISNUMBER(MATCH("TNT_"&A24,TINTED!#REF!,0)) -> FALSE | Q24: =ISNUMBER(MATCH("GLT_"&A24,GLITTERED!#REF!,0)) -> FALSE | R24: =ISNUMBER(MATCH("TNT_GLT_"&A24,'TNT-GLT'!$B$1:$O$1,0)) -> FALSE | S24: =ISNUMBER(MATCH("BC_"&A24,BICOLOR!$B$1:$P$1,0)) -> FALSE | T24: =IF(OR(G24="",G24="COL"),"COL","USA") -> COL | U24: =IFERROR(IF(VLOOKUP(C24,FL_COST_COL,2,FALSE)="USA","USA","COL"),"") | V24: =IF(I24<>"","$","NO") -> NO | W24: =IF(Z24="Y",MAX($W$20:W23)+1,"") | X24: UPC | Y24: 0.01 | AA24: =IF(Z24="Y",Y24,"") | AD24: HAND LABOR | AE24: =VLOOKUP(AE22,LIST!$A$231:$F$236,MATCH($Y$3,LIST!$A$229:$F$229,1),FALSE) -> 0.94 | AG24: 12 | AH24: =IFERROR(VLOOKUP(AG24&"-"&$D$7,'CUST DATAB'!B:E,3,FALSE),"") | AI24: =IFERROR(VLOOKUP(AG24&"-"&$D$7,'CUST DATAB'!B:E,4,FALSE),"") | AJ24: =IFERROR(IF(VLOOKUP($AH24,$AC$13:$AF$35,4,FALSE)<>0,IF(AI24<>"",VLOOKUP(AI24,'CUST DATAB'!E:F,2,FALSE),""),""),"") | AK24: =IFERROR(IF(VLOOKUP($AH24,$AC$13:$AF$35,4,FALSE)<>0,IF(AI24<>"",AJ24*$Y$34,""),""),"") | AL24: =IFERROR(IF(VLOOKUP($AH24,$AC$13:$AF$35,4,FALSE)<>0,IF(AH24<>"",AK24/$Y$7,""),""),"") | AM24: =IFERROR(IF(VLOOKUP($AH24,$AC$13:$AF$35,4,FALSE)<>0,IF(AI24<>"",$AD$3+AL24,""),""),"")
A25: =IFERROR(VLOOKUP(C25,LIST!$A$3:$C$61,4,FALSE),"") | J25: =IF(AND(T25<>"USA",U25<>"USA",V25="NO"),IFERROR((VLOOKUP(C25,FL_COST_COL,MATCH(VLOOKUP($D$6,LIST!$A$111:$B$116,2,FALSE),'FL COST'!$A$1:$G$1,0),FALSE)+IF(D25="Y",0.02,0)+IF(E25="Y",0.02,0)),0),IF(AND(T25<>"USA",U25<>"USA",V25="$"),"ERASE USA COST",IF(AND(T25<>"USA",U25="USA",V25="NO"),"SELECT USA",IF(AND(T25<>"USA",U25="USA",V25="$"),"SELECT USA",IF(AND(T25="USA",U25<>"USA",V25="NO"),"USA COST",IF(AND(T25="USA",U25<>"USA",V25="$"),I25,IF(AND(T25="USA",U25="USA",V25="NO"),"USA COST",IF(AND(T25="USA",U25="USA",V25="$"),I25,IF(C25="",""))))))))) -> 0 | K25: =IFERROR(B25*J25,"ERROR") -> 0 | L25: =IF(G25="USA",0,B25*1/VLOOKUP(C25,PACK!A:B,15,FALSE)) -> #N/A | M25: =B25*1/VLOOKUP(C25,PACK!A:B,15,FALSE) -> #N/A | N25: =B25*1/VLOOKUP(C25,PACK!A:B,9,FALSE) -> #N/A | O25: =IF(B25<>0,L25*VLOOKUP($D$6,FB_COST,3,FALSE),0) -> 0 | P25: =ISNUMBER(MATCH("TNT_"&A25,TINTED!#REF!,0)) -> FALSE | Q25: =ISNUMBER(MATCH("GLT_"&A25,GLITTERED!#REF!,0)) -> FALSE | R25: =ISNUMBER(MATCH("TNT_GLT_"&A25,'TNT-GLT'!$B$1:$O$1,0)) -> FALSE | S25: =ISNUMBER(MATCH("BC_"&A25,BICOLOR!$B$1:$P$1,0)) -> FALSE | T25: =IF(OR(G25="",G25="COL"),"COL","USA") -> COL | U25: =IFERROR(IF(VLOOKUP(C25,FL_COST_COL,2,FALSE)="USA","USA","COL"),"") | V25: =IF(I25<>"","$","NO") -> NO | W25: =IF(Z25="Y",MAX($W$20:W24)+1,"") | X25: PICK | Y25: 1 | AA25: =IF(Z25="Y",Y25,"") | AD25: SUB TOTAL | AE25: =+$Y$14+SUM($AA$21:$AA$32)+AE23+AE24 -> #N/A | AG25: 13 | AH25: =IFERROR(VLOOKUP(AG25&"-"&$D$7,'CUST DATAB'!B:E,3,FALSE),"") | AI25: =IFERROR(VLOOKUP(AG25&"-"&$D$7,'CUST DATAB'!B:E,4,FALSE),"") | AJ25: =IFERROR(IF(VLOOKUP($AH25,$AC$13:$AF$35,4,FALSE)<>0,IF(AI25<>"",VLOOKUP(AI25,'CUST DATAB'!E:F,2,FALSE),""),""),"") | AK25: =IFERROR(IF(VLOOKUP($AH25,$AC$13:$AF$35,4,FALSE)<>0,IF(AI25<>"",AJ25*$Y$34,""),""),"") | AL25: =IFERROR(IF(VLOOKUP($AH25,$AC$13:$AF$35,4,FALSE)<>0,IF(AH25<>"",AK25/$Y$7,""),""),"") | AM25: =IFERROR(IF(VLOOKUP($AH25,$AC$13:$AF$35,4,FALSE)<>0,IF(AI25<>"",$AD$3+AL25,""),""),"")
A26: =IFERROR(VLOOKUP(C26,LIST!$A$3:$C$61,4,FALSE),"") | J26: =IF(AND(T26<>"USA",U26<>"USA",V26="NO"),IFERROR((VLOOKUP(C26,FL_COST_COL,MATCH(VLOOKUP($D$6,LIST!$A$111:$B$116,2,FALSE),'FL COST'!$A$1:$G$1,0),FALSE)+IF(D26="Y",0.02,0)+IF(E26="Y",0.02,0)),0),IF(AND(T26<>"USA",U26<>"USA",V26="$"),"ERASE USA COST",IF(AND(T26<>"USA",U26="USA",V26="NO"),"SELECT USA",IF(AND(T26<>"USA",U26="USA",V26="$"),"SELECT USA",IF(AND(T26="USA",U26<>"USA",V26="NO"),"USA COST",IF(AND(T26="USA",U26<>"USA",V26="$"),I26,IF(AND(T26="USA",U26="USA",V26="NO"),"USA COST",IF(AND(T26="USA",U26="USA",V26="$"),I26,IF(C26="",""))))))))) -> 0 | K26: =IFERROR(B26*J26,"ERROR") -> 0 | L26: =IF(G26="USA",0,B26*1/VLOOKUP(C26,PACK!A:B,15,FALSE)) -> #N/A | M26: =B26*1/VLOOKUP(C26,PACK!A:B,15,FALSE) -> #N/A | N26: =B26*1/VLOOKUP(C26,PACK!A:B,9,FALSE) -> #N/A | O26: =IF(B26<>0,L26*VLOOKUP($D$6,FB_COST,3,FALSE),0) -> 0 | P26: =ISNUMBER(MATCH("TNT_"&A26,TINTED!#REF!,0)) -> FALSE | Q26: =ISNUMBER(MATCH("GLT_"&A26,GLITTERED!#REF!,0)) -> FALSE | R26: =ISNUMBER(MATCH("TNT_GLT_"&A26,'TNT-GLT'!$B$1:$O$1,0)) -> FALSE | S26: =ISNUMBER(MATCH("BC_"&A26,BICOLOR!$B$1:$P$1,0)) -> FALSE | T26: =IF(OR(G26="",G26="COL"),"COL","USA") -> COL | U26: =IFERROR(IF(VLOOKUP(C26,FL_COST_COL,2,FALSE)="USA","USA","COL"),"") | V26: =IF(I26<>"","$","NO") -> NO | W26: =IF(Z26="Y",MAX($W$20:W25)+1,"") | X26: SCENT | Y26: 0.1 | AA26: =IF(Z26="Y",Y26,"") | AG26: 14 | AH26: =IFERROR(VLOOKUP(AG26&"-"&$D$7,'CUST DATAB'!B:E,3,FALSE),"") | AI26: =IFERROR(VLOOKUP(AG26&"-"&$D$7,'CUST DATAB'!B:E,4,FALSE),"") | AJ26: =IFERROR(IF(VLOOKUP($AH26,$AC$13:$AF$35,4,FALSE)<>0,IF(AI26<>"",VLOOKUP(AI26,'CUST DATAB'!E:F,2,FALSE),""),""),"") | AK26: =IFERROR(IF(VLOOKUP($AH26,$AC$13:$AF$35,4,FALSE)<>0,IF(AI26<>"",AJ26*$Y$34,""),""),"") | AL26: =IFERROR(IF(VLOOKUP($AH26,$AC$13:$AF$35,4,FALSE)<>0,IF(AH26<>"",AK26/$Y$7,""),""),"") | AM26: =IFERROR(IF(VLOOKUP($AH26,$AC$13:$AF$35,4,FALSE)<>0,IF(AI26<>"",$AD$3+AL26,""),""),"")
A27: =IFERROR(VLOOKUP(C27,LIST!$A$3:$C$61,4,FALSE),"") | J27: =IF(AND(T27<>"USA",U27<>"USA",V27="NO"),IFERROR((VLOOKUP(C27,FL_COST_COL,MATCH(VLOOKUP($D$6,LIST!$A$111:$B$116,2,FALSE),'FL COST'!$A$1:$G$1,0),FALSE)+IF(D27="Y",0.02,0)+IF(E27="Y",0.02,0)),0),IF(AND(T27<>"USA",U27<>"USA",V27="$"),"ERASE USA COST",IF(AND(T27<>"USA",U27="USA",V27="NO"),"SELECT USA",IF(AND(T27<>"USA",U27="USA",V27="$"),"SELECT USA",IF(AND(T27="USA",U27<>"USA",V27="NO"),"USA COST",IF(AND(T27="USA",U27<>"USA",V27="$"),I27,IF(AND(T27="USA",U27="USA",V27="NO"),"USA COST",IF(AND(T27="USA",U27="USA",V27="$"),I27,IF(C27="",""))))))))) -> 0 | K27: =IFERROR(B27*J27,"ERROR") -> 0 | L27: =IF(G27="USA",0,B27*1/VLOOKUP(C27,PACK!A:B,15,FALSE)) -> #N/A | M27: =B27*1/VLOOKUP(C27,PACK!A:B,15,FALSE) -> #N/A | N27: =B27*1/VLOOKUP(C27,PACK!A:B,9,FALSE) -> #N/A | O27: =IF(B27<>0,L27*VLOOKUP($D$6,FB_COST,3,FALSE),0) -> 0 | P27: =ISNUMBER(MATCH("TNT_"&A27,TINTED!#REF!,0)) -> FALSE | Q27: =ISNUMBER(MATCH("GLT_"&A27,GLITTERED!#REF!,0)) -> FALSE | R27: =ISNUMBER(MATCH("TNT_GLT_"&A27,'TNT-GLT'!$B$1:$O$1,0)) -> FALSE | S27: =ISNUMBER(MATCH("BC_"&A27,BICOLOR!$B$1:$P$1,0)) -> FALSE | T27: =IF(OR(G27="",G27="COL"),"COL","USA") -> COL | U27: =IFERROR(IF(VLOOKUP(C27,FL_COST_COL,2,FALSE)="USA","USA","COL"),"") | V27: =IF(I27<>"","$","NO") -> NO | W27: =IF(Z27="Y",MAX($W$20:W26)+1,"") | X27: WRAP / SLEEVE | Y27: 0.15 | AA27: =IF(Z27="Y",Y27,"") | AD27: CHICAGO | AE27: CH | AF27: % | AG27: 15 | AH27: =IFERROR(VLOOKUP(AG27&"-"&$D$7,'CUST DATAB'!B:E,3,FALSE),"") | AI27: =IFERROR(VLOOKUP(AG27&"-"&$D$7,'CUST DATAB'!B:E,4,FALSE),"") | AJ27: =IFERROR(IF(VLOOKUP($AH27,$AC$13:$AF$35,4,FALSE)<>0,IF(AI27<>"",VLOOKUP(AI27,'CUST DATAB'!E:F,2,FALSE),""),""),"") | AK27: =IFERROR(IF(VLOOKUP($AH27,$AC$13:$AF$35,4,FALSE)<>0,IF(AI27<>"",AJ27*$Y$34,""),""),"") | AL27: =IFERROR(IF(VLOOKUP($AH27,$AC$13:$AF$35,4,FALSE)<>0,IF(AH27<>"",AK27/$Y$7,""),""),"") | AM27: =IFERROR(IF(VLOOKUP($AH27,$AC$13:$AF$35,4,FALSE)<>0,IF(AI27<>"",$AD$3+AL27,""),""),"")
A28: =IFERROR(VLOOKUP(C28,LIST!$A$3:$C$61,4,FALSE),"") | J28: =IF(AND(T28<>"USA",U28<>"USA",V28="NO"),IFERROR((VLOOKUP(C28,FL_COST_COL,MATCH(VLOOKUP($D$6,LIST!$A$111:$B$116,2,FALSE),'FL COST'!$A$1:$G$1,0),FALSE)+IF(D28="Y",0.02,0)+IF(E28="Y",0.02,0)),0),IF(AND(T28<>"USA",U28<>"USA",V28="$"),"ERASE USA COST",IF(AND(T28<>"USA",U28="USA",V28="NO"),"SELECT USA",IF(AND(T28<>"USA",U28="USA",V28="$"),"SELECT USA",IF(AND(T28="USA",U28<>"USA",V28="NO"),"USA COST",IF(AND(T28="USA",U28<>"USA",V28="$"),I28,IF(AND(T28="USA",U28="USA",V28="NO"),"USA COST",IF(AND(T28="USA",U28="USA",V28="$"),I28,IF(C28="",""))))))))) -> 0 | K28: =IFERROR(B28*J28,"ERROR") -> 0 | L28: =IF(G28="USA",0,B28*1/VLOOKUP(C28,PACK!A:B,15,FALSE)) -> #N/A | M28: =B28*1/VLOOKUP(C28,PACK!A:B,15,FALSE) -> #N/A | N28: =B28*1/VLOOKUP(C28,PACK!A:B,9,FALSE) -> #N/A | O28: =IF(B28<>0,L28*VLOOKUP($D$6,FB_COST,3,FALSE),0) -> 0 | P28: =ISNUMBER(MATCH("TNT_"&A28,TINTED!#REF!,0)) -> FALSE | Q28: =ISNUMBER(MATCH("GLT_"&A28,GLITTERED!#REF!,0)) -> FALSE | R28: =ISNUMBER(MATCH("TNT_GLT_"&A28,'TNT-GLT'!$B$1:$O$1,0)) -> FALSE | S28: =ISNUMBER(MATCH("BC_"&A28,BICOLOR!$B$1:$P$1,0)) -> FALSE | T28: =IF(OR(G28="",G28="COL"),"COL","USA") -> COL | U28: =IFERROR(IF(VLOOKUP(C28,FL_COST_COL,2,FALSE)="USA","USA","COL"),"") | V28: =IF(I28<>"","$","NO") -> NO | W28: =IF(Z28="Y",MAX($W$20:W27)+1,"") | X28: CARD | Y28: 0.15 | AA28: =IF(Z28="Y",Y28,"") | AC28: CHICAGO | AD28: TRANSFER COST | AE28: =SUM(M:M)*VLOOKUP(AE27,LIST!$A$121:$C$126,3,FALSE) -> #N/A | AF28: 0.1 | AG28: 16 | AH28: =IFERROR(VLOOKUP(AG28&"-"&$D$7,'CUST DATAB'!B:E,3,FALSE),"") | AI28: =IFERROR(VLOOKUP(AG28&"-"&$D$7,'CUST DATAB'!B:E,4,FALSE),"") | AJ28: =IFERROR(IF(VLOOKUP($AH28,$AC$13:$AF$35,4,FALSE)<>0,IF(AI28<>"",VLOOKUP(AI28,'CUST DATAB'!E:F,2,FALSE),""),""),"") | AK28: =IFERROR(IF(VLOOKUP($AH28,$AC$13:$AF$35,4,FALSE)<>0,IF(AI28<>"",AJ28*$Y$34,""),""),"") | AL28: =IFERROR(IF(VLOOKUP($AH28,$AC$13:$AF$35,4,FALSE)<>0,IF(AH28<>"",AK28/$Y$7,""),""),"") | AM28: =IFERROR(IF(VLOOKUP($AH28,$AC$13:$AF$35,4,FALSE)<>0,IF(AI28<>"",$AD$3+AL28,""),""),"")
A29: =IFERROR(VLOOKUP(C29,LIST!$A$3:$C$61,4,FALSE),"") | J29: =IF(AND(T29<>"USA",U29<>"USA",V29="NO"),IFERROR((VLOOKUP(C29,FL_COST_COL,MATCH(VLOOKUP($D$6,LIST!$A$111:$B$116,2,FALSE),'FL COST'!$A$1:$G$1,0),FALSE)+IF(D29="Y",0.02,0)+IF(E29="Y",0.02,0)),0),IF(AND(T29<>"USA",U29<>"USA",V29="$"),"ERASE USA COST",IF(AND(T29<>"USA",U29="USA",V29="NO"),"SELECT USA",IF(AND(T29<>"USA",U29="USA",V29="$"),"SELECT USA",IF(AND(T29="USA",U29<>"USA",V29="NO"),"USA COST",IF(AND(T29="USA",U29<>"USA",V29="$"),I29,IF(AND(T29="USA",U29="USA",V29="NO"),"USA COST",IF(AND(T29="USA",U29="USA",V29="$"),I29,IF(C29="",""))))))))) -> 0 | K29: =IFERROR(B29*J29,"ERROR") -> 0 | L29: =IF(G29="USA",0,B29*1/VLOOKUP(C29,PACK!A:B,15,FALSE)) -> #N/A | M29: =B29*1/VLOOKUP(C29,PACK!A:B,15,FALSE) -> #N/A | N29: =B29*1/VLOOKUP(C29,PACK!A:B,9,FALSE) -> #N/A | O29: =IF(B29<>0,L29*VLOOKUP($D$6,FB_COST,3,FALSE),0) -> 0 | P29: =ISNUMBER(MATCH("TNT_"&A29,TINTED!#REF!,0)) -> FALSE | Q29: =ISNUMBER(MATCH("GLT_"&A29,GLITTERED!#REF!,0)) -> FALSE | R29: =ISNUMBER(MATCH("TNT_GLT_"&A29,'TNT-GLT'!$B$1:$O$1,0)) -> FALSE | S29: =ISNUMBER(MATCH("BC_"&A29,BICOLOR!$B$1:$P$1,0)) -> FALSE | T29: =IF(OR(G29="",G29="COL"),"COL","USA") -> COL | U29: =IFERROR(IF(VLOOKUP(C29,FL_COST_COL,2,FALSE)="USA","USA","COL"),"") | V29: =IF(I29<>"","$","NO") -> NO | W29: =IF(Z29="Y",MAX($W$20:W28)+1,"") -> 2 | X29: OTHER 1 | Y29: 0.18 | Z29: Y | AA29: =IF(Z29="Y",Y29,"") -> 0.18 | AD29: HAND LABOR | AE29: =VLOOKUP(AE27,LIST!$A$231:$F$236,MATCH($Y$3,LIST!$A$229:$F$229,1),FALSE) -> 0.94 | AG29: 17 | AH29: =IFERROR(VLOOKUP(AG29&"-"&$D$7,'CUST DATAB'!B:E,3,FALSE),"") | AI29: =IFERROR(VLOOKUP(AG29&"-"&$D$7,'CUST DATAB'!B:E,4,FALSE),"") | AJ29: =IFERROR(IF(VLOOKUP($AH29,$AC$13:$AF$35,4,FALSE)<>0,IF(AI29<>"",VLOOKUP(AI29,'CUST DATAB'!E:F,2,FALSE),""),""),"") | AK29: =IFERROR(IF(VLOOKUP($AH29,$AC$13:$AF$35,4,FALSE)<>0,IF(AI29<>"",AJ29*$Y$34,""),""),"") | AL29: =IFERROR(IF(VLOOKUP($AH29,$AC$13:$AF$35,4,FALSE)<>0,IF(AH29<>"",AK29/$Y$7,""),""),"") | AM29: =IFERROR(IF(VLOOKUP($AH29,$AC$13:$AF$35,4,FALSE)<>0,IF(AI29<>"",$AD$3+AL29,""),""),"")
A30: =IFERROR(VLOOKUP(C30,LIST!$A$3:$C$61,4,FALSE),"") | J30: =IF(AND(T30<>"USA",U30<>"USA",V30="NO"),IFERROR((VLOOKUP(C30,FL_COST_COL,MATCH(VLOOKUP($D$6,LIST!$A$111:$B$116,2,FALSE),'FL COST'!$A$1:$G$1,0),FALSE)+IF(D30="Y",0.02,0)+IF(E30="Y",0.02,0)),0),IF(AND(T30<>"USA",U30<>"USA",V30="$"),"ERASE USA COST",IF(AND(T30<>"USA",U30="USA",V30="NO"),"SELECT USA",IF(AND(T30<>"USA",U30="USA",V30="$"),"SELECT USA",IF(AND(T30="USA",U30<>"USA",V30="NO"),"USA COST",IF(AND(T30="USA",U30<>"USA",V30="$"),I30,IF(AND(T30="USA",U30="USA",V30="NO"),"USA COST",IF(AND(T30="USA",U30="USA",V30="$"),I30,IF(C30="",""))))))))) -> 0 | K30: =IFERROR(B30*J30,"ERROR") -> 0 | L30: =IF(G30="USA",0,B30*1/VLOOKUP(C30,PACK!A:B,15,FALSE)) -> #N/A | M30: =B30*1/VLOOKUP(C30,PACK!A:B,15,FALSE) -> #N/A | N30: =B30*1/VLOOKUP(C30,PACK!A:B,9,FALSE) -> #N/A | O30: =IF(B30<>0,L30*VLOOKUP($D$6,FB_COST,3,FALSE),0) -> 0 | P30: =ISNUMBER(MATCH("TNT_"&A30,TINTED!#REF!,0)) -> FALSE | Q30: =ISNUMBER(MATCH("GLT_"&A30,GLITTERED!#REF!,0)) -> FALSE | R30: =ISNUMBER(MATCH("TNT_GLT_"&A30,'TNT-GLT'!$B$1:$O$1,0)) -> FALSE | S30: =ISNUMBER(MATCH("BC_"&A30,BICOLOR!$B$1:$P$1,0)) -> FALSE | T30: =IF(OR(G30="",G30="COL"),"COL","USA") -> COL | U30: =IFERROR(IF(VLOOKUP(C30,FL_COST_COL,2,FALSE)="USA","USA","COL"),"") | V30: =IF(I30<>"","$","NO") -> NO | W30: =IF(Z30="Y",MAX($W$20:W29)+1,"") | X30: OTHER 2 | AA30: =IF(Z30="Y",Y30,"") | AD30: SUB TOTAL | AE30: =+$Y$14+SUM($AA$21:$AA$32)+AE28+AE29 -> #N/A | AG30: 18 | AH30: =IFERROR(VLOOKUP(AG30&"-"&$D$7,'CUST DATAB'!B:E,3,FALSE),"") | AI30: =IFERROR(VLOOKUP(AG30&"-"&$D$7,'CUST DATAB'!B:E,4,FALSE),"") | AJ30: =IFERROR(IF(VLOOKUP($AH30,$AC$13:$AF$35,4,FALSE)<>0,IF(AI30<>"",VLOOKUP(AI30,'CUST DATAB'!E:F,2,FALSE),""),""),"") | AK30: =IFERROR(IF(VLOOKUP($AH30,$AC$13:$AF$35,4,FALSE)<>0,IF(AI30<>"",AJ30*$Y$34,""),""),"") | AL30: =IFERROR(IF(VLOOKUP($AH30,$AC$13:$AF$35,4,FALSE)<>0,IF(AH30<>"",AK30/$Y$7,""),""),"") | AM30: =IFERROR(IF(VLOOKUP($AH30,$AC$13:$AF$35,4,FALSE)<>0,IF(AI30<>"",$AD$3+AL30,""),""),"")
A31: =IFERROR(VLOOKUP(C31,LIST!$A$3:$C$61,4,FALSE),"") | J31: =IF(AND(T31<>"USA",U31<>"USA",V31="NO"),IFERROR((VLOOKUP(C31,FL_COST_COL,MATCH(VLOOKUP($D$6,LIST!$A$111:$B$116,2,FALSE),'FL COST'!$A$1:$G$1,0),FALSE)+IF(D31="Y",0.02,0)+IF(E31="Y",0.02,0)),0),IF(AND(T31<>"USA",U31<>"USA",V31="$"),"ERASE USA COST",IF(AND(T31<>"USA",U31="USA",V31="NO"),"SELECT USA",IF(AND(T31<>"USA",U31="USA",V31="$"),"SELECT USA",IF(AND(T31="USA",U31<>"USA",V31="NO"),"USA COST",IF(AND(T31="USA",U31<>"USA",V31="$"),I31,IF(AND(T31="USA",U31="USA",V31="NO"),"USA COST",IF(AND(T31="USA",U31="USA",V31="$"),I31,IF(C31="",""))))))))) -> 0 | K31: =IFERROR(B31*J31,"ERROR") -> 0 | L31: =IF(G31="USA",0,B31*1/VLOOKUP(C31,PACK!A:B,15,FALSE)) -> #N/A | M31: =B31*1/VLOOKUP(C31,PACK!A:B,15,FALSE) -> #N/A | N31: =B31*1/VLOOKUP(C31,PACK!A:B,9,FALSE) -> #N/A | O31: =IF(B31<>0,L31*VLOOKUP($D$6,FB_COST,3,FALSE),0) -> 0 | P31: =ISNUMBER(MATCH("TNT_"&A31,TINTED!#REF!,0)) -> FALSE | Q31: =ISNUMBER(MATCH("GLT_"&A31,GLITTERED!#REF!,0)) -> FALSE | R31: =ISNUMBER(MATCH("TNT_GLT_"&A31,'TNT-GLT'!$B$1:$O$1,0)) -> FALSE | S31: =ISNUMBER(MATCH("BC_"&A31,BICOLOR!$B$1:$P$1,0)) -> FALSE | T31: =IF(OR(G31="",G31="COL"),"COL","USA") -> COL | U31: =IFERROR(IF(VLOOKUP(C31,FL_COST_COL,2,FALSE)="USA","USA","COL"),"") | V31: =IF(I31<>"","$","NO") -> NO | X31: WP BOX TYPE | Y31: WET WALMART DOUBLE | AA31: =IFERROR(VLOOKUP(Y31,CASES,5,FALSE)/Y7,0) -> 0.19166667 | AG31: 19 | AH31: =IFERROR(VLOOKUP(AG31&"-"&$D$7,'CUST DATAB'!B:E,3,FALSE),"") | AI31: =IFERROR(VLOOKUP(AG31&"-"&$D$7,'CUST DATAB'!B:E,4,FALSE),"") | AJ31: =IFERROR(IF(VLOOKUP($AH31,$AC$13:$AF$35,4,FALSE)<>0,IF(AI31<>"",VLOOKUP(AI31,'CUST DATAB'!E:F,2,FALSE),""),""),"") | AK31: =IFERROR(IF(VLOOKUP($AH31,$AC$13:$AF$35,4,FALSE)<>0,IF(AI31<>"",AJ31*$Y$34,""),""),"") | AL31: =IFERROR(IF(VLOOKUP($AH31,$AC$13:$AF$35,4,FALSE)<>0,IF(AH31<>"",AK31/$Y$7,""),""),"") | AM31: =IFERROR(IF(VLOOKUP($AH31,$AC$13:$AF$35,4,FALSE)<>0,IF(AI31<>"",$AD$3+AL31,""),""),"")
A32: =IFERROR(VLOOKUP(C32,LIST!$A$3:$C$61,4,FALSE),"") | J32: =IF(AND(T32<>"USA",U32<>"USA",V32="NO"),IFERROR((VLOOKUP(C32,FL_COST_COL,MATCH(VLOOKUP($D$6,LIST!$A$111:$B$116,2,FALSE),'FL COST'!$A$1:$G$1,0),FALSE)+IF(D32="Y",0.02,0)+IF(E32="Y",0.02,0)),0),IF(AND(T32<>"USA",U32<>"USA",V32="$"),"ERASE USA COST",IF(AND(T32<>"USA",U32="USA",V32="NO"),"SELECT USA",IF(AND(T32<>"USA",U32="USA",V32="$"),"SELECT USA",IF(AND(T32="USA",U32<>"USA",V32="NO"),"USA COST",IF(AND(T32="USA",U32<>"USA",V32="$"),I32,IF(AND(T32="USA",U32="USA",V32="NO"),"USA COST",IF(AND(T32="USA",U32="USA",V32="$"),I32,IF(C32="",""))))))))) -> 0 | K32: =IFERROR(B32*J32,"ERROR") -> 0 | L32: =IF(G32="USA",0,B32*1/VLOOKUP(C32,PACK!A:B,15,FALSE)) -> #N/A | M32: =B32*1/VLOOKUP(C32,PACK!A:B,15,FALSE) -> #N/A | N32: =B32*1/VLOOKUP(C32,PACK!A:B,9,FALSE) -> #N/A | O32: =IF(B32<>0,L32*VLOOKUP($D$6,FB_COST,3,FALSE),0) -> 0 | P32: =ISNUMBER(MATCH("TNT_"&A32,TINTED!#REF!,0)) -> FALSE | Q32: =ISNUMBER(MATCH("GLT_"&A32,GLITTERED!#REF!,0)) -> FALSE | R32: =ISNUMBER(MATCH("TNT_GLT_"&A32,'TNT-GLT'!$B$1:$O$1,0)) -> FALSE | S32: =ISNUMBER(MATCH("BC_"&A32,BICOLOR!$B$1:$P$1,0)) -> FALSE | T32: =IF(OR(G32="",G32="COL"),"COL","USA") -> COL | U32: =IFERROR(IF(VLOOKUP(C32,FL_COST_COL,2,FALSE)="USA","USA","COL"),"") | V32: =IF(I32<>"","$","NO") -> NO | X32: WET PACK COST (Bucket,Water, Linner, Tape, Label..ETC) | AA32: =VLOOKUP(Y31,CASES,8,FALSE)/$Y$7 -> 0.16333333 | AD32: SEATTLE | AE32: WA | AF32: % | AG32: 20 | AH32: =IFERROR(VLOOKUP(AG32&"-"&$D$7,'CUST DATAB'!B:E,3,FALSE),"") | AI32: =IFERROR(VLOOKUP(AG32&"-"&$D$7,'CUST DATAB'!B:E,4,FALSE),"") | AJ32: =IFERROR(IF(VLOOKUP($AH32,$AC$13:$AF$35,4,FALSE)<>0,IF(AI32<>"",VLOOKUP(AI32,'CUST DATAB'!E:F,2,FALSE),""),""),"") | AK32: =IFERROR(IF(VLOOKUP($AH32,$AC$13:$AF$35,4,FALSE)<>0,IF(AI32<>"",AJ32*$Y$34,""),""),"") | AL32: =IFERROR(IF(VLOOKUP($AH32,$AC$13:$AF$35,4,FALSE)<>0,IF(AH32<>"",AK32/$Y$7,""),""),"") | AM32: =IFERROR(IF(VLOOKUP($AH32,$AC$13:$AF$35,4,FALSE)<>0,IF(AI32<>"",$AD$3+AL32,""),""),"")
A33: =IFERROR(VLOOKUP(C33,LIST!$A$3:$C$61,4,FALSE),"") | J33: =IF(AND(T33<>"USA",U33<>"USA",V33="NO"),IFERROR((VLOOKUP(C33,FL_COST_COL,MATCH(VLOOKUP($D$6,LIST!$A$111:$B$116,2,FALSE),'FL COST'!$A$1:$G$1,0),FALSE)+IF(D33="Y",0.02,0)+IF(E33="Y",0.02,0)),0),IF(AND(T33<>"USA",U33<>"USA",V33="$"),"ERASE USA COST",IF(AND(T33<>"USA",U33="USA",V33="NO"),"SELECT USA",IF(AND(T33<>"USA",U33="USA",V33="$"),"SELECT USA",IF(AND(T33="USA",U33<>"USA",V33="NO"),"USA COST",IF(AND(T33="USA",U33<>"USA",V33="$"),I33,IF(AND(T33="USA",U33="USA",V33="NO"),"USA COST",IF(AND(T33="USA",U33="USA",V33="$"),I33,IF(C33="",""))))))))) -> 0 | K33: =IFERROR(B33*J33,"ERROR") -> 0 | L33: =IF(G33="USA",0,B33*1/VLOOKUP(C33,PACK!A:B,15,FALSE)) -> #N/A | M33: =B33*1/VLOOKUP(C33,PACK!A:B,15,FALSE) -> #N/A | N33: =B33*1/VLOOKUP(C33,PACK!A:B,9,FALSE) -> #N/A | O33: =IF(B33<>0,L33*VLOOKUP($D$6,FB_COST,3,FALSE),0) -> 0 | P33: =ISNUMBER(MATCH("TNT_"&A33,TINTED!#REF!,0)) -> FALSE | Q33: =ISNUMBER(MATCH("GLT_"&A33,GLITTERED!#REF!,0)) -> FALSE | R33: =ISNUMBER(MATCH("TNT_GLT_"&A33,'TNT-GLT'!$B$1:$O$1,0)) -> FALSE | S33: =ISNUMBER(MATCH("BC_"&A33,BICOLOR!$B$1:$P$1,0)) -> FALSE | T33: =IF(OR(G33="",G33="COL"),"COL","USA") -> COL | U33: =IFERROR(IF(VLOOKUP(C33,FL_COST_COL,2,FALSE)="USA","USA","COL"),"") | V33: =IF(I33<>"","$","NO") -> NO | X33: BOX SIZE | Y33: =VLOOKUP(Y31,CASES,3,FALSE) -> 20x12x25 | AC33: SEATTLE | AD33: TRANSFER COST | AE33: =SUM(M:M)*VLOOKUP(AE32,LIST!$A$121:$C$126,3,FALSE) -> #N/A | AF33: 0.1 | AG33: 21 | AH33: =IFERROR(VLOOKUP(AG33&"-"&$D$7,'CUST DATAB'!B:E,3,FALSE),"") | AI33: =IFERROR(VLOOKUP(AG33&"-"&$D$7,'CUST DATAB'!B:E,4,FALSE),"") | AJ33: =IFERROR(IF(VLOOKUP($AH33,$AC$13:$AF$35,4,FALSE)<>0,IF(AI33<>"",VLOOKUP(AI33,'CUST DATAB'!E:F,2,FALSE),""),""),"") | AK33: =IFERROR(IF(VLOOKUP($AH33,$AC$13:$AF$35,4,FALSE)<>0,IF(AI33<>"",AJ33*$Y$34,""),""),"") | AL33: =IFERROR(IF(VLOOKUP($AH33,$AC$13:$AF$35,4,FALSE)<>0,IF(AH33<>"",AK33/$Y$7,""),""),"") | AM33: =IFERROR(IF(VLOOKUP($AH33,$AC$13:$AF$35,4,FALSE)<>0,IF(AI33<>"",$AD$3+AL33,""),""),"")
A34: =IFERROR(VLOOKUP(C34,LIST!$A$3:$C$61,4,FALSE),"") | J34: =IF(AND(T34<>"USA",U34<>"USA",V34="NO"),IFERROR((VLOOKUP(C34,FL_COST_COL,MATCH(VLOOKUP($D$6,LIST!$A$111:$B$116,2,FALSE),'FL COST'!$A$1:$G$1,0),FALSE)+IF(D34="Y",0.02,0)+IF(E34="Y",0.02,0)),0),IF(AND(T34<>"USA",U34<>"USA",V34="$"),"ERASE USA COST",IF(AND(T34<>"USA",U34="USA",V34="NO"),"SELECT USA",IF(AND(T34<>"USA",U34="USA",V34="$"),"SELECT USA",IF(AND(T34="USA",U34<>"USA",V34="NO"),"USA COST",IF(AND(T34="USA",U34<>"USA",V34="$"),I34,IF(AND(T34="USA",U34="USA",V34="NO"),"USA COST",IF(AND(T34="USA",U34="USA",V34="$"),I34,IF(C34="",""))))))))) -> 0 | K34: =IFERROR(B34*J34,"ERROR") -> 0 | L34: =IF(G34="USA",0,B34*1/VLOOKUP(C34,PACK!A:B,15,FALSE)) -> #N/A | M34: =B34*1/VLOOKUP(C34,PACK!A:B,15,FALSE) -> #N/A | N34: =B34*1/VLOOKUP(C34,PACK!A:B,9,FALSE) -> #N/A | O34: =IF(B34<>0,L34*VLOOKUP($D$6,FB_COST,3,FALSE),0) -> 0 | P34: =ISNUMBER(MATCH("TNT_"&A34,TINTED!#REF!,0)) -> FALSE | Q34: =ISNUMBER(MATCH("GLT_"&A34,GLITTERED!#REF!,0)) -> FALSE | R34: =ISNUMBER(MATCH("TNT_GLT_"&A34,'TNT-GLT'!$B$1:$O$1,0)) -> FALSE | S34: =ISNUMBER(MATCH("BC_"&A34,BICOLOR!$B$1:$P$1,0)) -> FALSE | T34: =IF(OR(G34="",G34="COL"),"COL","USA") -> COL | U34: =IFERROR(IF(VLOOKUP(C34,FL_COST_COL,2,FALSE)="USA","USA","COL"),"") | V34: =IF(I34<>"","$","NO") -> NO | X34: CUFT | Y34: =VLOOKUP(Y31,CASES,4,FALSE) -> 3.4722222 | AD34: HAND LABOR | AE34: =VLOOKUP(AE32,LIST!$A$231:$F$236,MATCH($Y$3,LIST!$A$229:$F$229,1),FALSE) -> 0.94 | AG34: 22 | AH34: =IFERROR(VLOOKUP(AG34&"-"&$D$7,'CUST DATAB'!B:E,3,FALSE),"") | AI34: =IFERROR(VLOOKUP(AG34&"-"&$D$7,'CUST DATAB'!B:E,4,FALSE),"") | AJ34: =IFERROR(IF(VLOOKUP($AH34,$AC$13:$AF$35,4,FALSE)<>0,IF(AI34<>"",VLOOKUP(AI34,'CUST DATAB'!E:F,2,FALSE),""),""),"") | AK34: =IFERROR(IF(VLOOKUP($AH34,$AC$13:$AF$35,4,FALSE)<>0,IF(AI34<>"",AJ34*$Y$34,""),""),"") | AL34: =IFERROR(IF(VLOOKUP($AH34,$AC$13:$AF$35,4,FALSE)<>0,IF(AH34<>"",AK34/$Y$7,""),""),"") | AM34: =IFERROR(IF(VLOOKUP($AH34,$AC$13:$AF$35,4,FALSE)<>0,IF(AI34<>"",$AD$3+AL34,""),""),"")
A35: =IFERROR(VLOOKUP(C35,LIST!$A$3:$C$61,4,FALSE),"") | J35: =IF(AND(T35<>"USA",U35<>"USA",V35="NO"),IFERROR((VLOOKUP(C35,FL_COST_COL,MATCH(VLOOKUP($D$6,LIST!$A$111:$B$116,2,FALSE),'FL COST'!$A$1:$G$1,0),FALSE)+IF(D35="Y",0.02,0)+IF(E35="Y",0.02,0)),0),IF(AND(T35<>"USA",U35<>"USA",V35="$"),"ERASE USA COST",IF(AND(T35<>"USA",U35="USA",V35="NO"),"SELECT USA",IF(AND(T35<>"USA",U35="USA",V35="$"),"SELECT USA",IF(AND(T35="USA",U35<>"USA",V35="NO"),"USA COST",IF(AND(T35="USA",U35<>"USA",V35="$"),I35,IF(AND(T35="USA",U35="USA",V35="NO"),"USA COST",IF(AND(T35="USA",U35="USA",V35="$"),I35,IF(C35="",""))))))))) -> 0 | K35: =IFERROR(B35*J35,"ERROR") -> 0 | L35: =IF(G35="USA",0,B35*1/VLOOKUP(C35,PACK!A:B,15,FALSE)) -> #N/A | M35: =B35*1/VLOOKUP(C35,PACK!A:B,15,FALSE) -> #N/A | N35: =B35*1/VLOOKUP(C35,PACK!A:B,9,FALSE) -> #N/A | O35: =IF(B35<>0,L35*VLOOKUP($D$6,FB_COST,3,FALSE),0) -> 0 | P35: =ISNUMBER(MATCH("TNT_"&A35,TINTED!#REF!,0)) -> FALSE | Q35: =ISNUMBER(MATCH("GLT_"&A35,GLITTERED!#REF!,0)) -> FALSE | R35: =ISNUMBER(MATCH("TNT_GLT_"&A35,'TNT-GLT'!$B$1:$O$1,0)) -> FALSE | S35: =ISNUMBER(MATCH("BC_"&A35,BICOLOR!$B$1:$P$1,0)) -> FALSE | T35: =IF(OR(G35="",G35="COL"),"COL","USA") -> COL | U35: =IFERROR(IF(VLOOKUP(C35,FL_COST_COL,2,FALSE)="USA","USA","COL"),"") | V35: =IF(I35<>"","$","NO") -> NO | X35: BOX PER PALLET | Y35: =VLOOKUP(Y31,CASES,7,FALSE) -> 24 | AD35: SUB TOTAL | AE35: =+$Y$14+SUM($AA$21:$AA$32)+AE33+AE34 -> #N/A | AG35: 23 | AH35: =IFERROR(VLOOKUP(AG35&"-"&$D$7,'CUST DATAB'!B:E,3,FALSE),"") | AI35: =IFERROR(VLOOKUP(AG35&"-"&$D$7,'CUST DATAB'!B:E,4,FALSE),"") | AJ35: =IFERROR(IF(VLOOKUP($AH35,$AC$13:$AF$35,4,FALSE)<>0,IF(AI35<>"",VLOOKUP(AI35,'CUST DATAB'!E:F,2,FALSE),""),""),"") | AK35: =IFERROR(IF(VLOOKUP($AH35,$AC$13:$AF$35,4,FALSE)<>0,IF(AI35<>"",AJ35*$Y$34,""),""),"") | AL35: =IFERROR(IF(VLOOKUP($AH35,$AC$13:$AF$35,4,FALSE)<>0,IF(AH35<>"",AK35/$Y$7,""),""),"") | AM35: =IFERROR(IF(VLOOKUP($AH35,$AC$13:$AF$35,4,FALSE)<>0,IF(AI35<>"",$AD$3+AL35,""),""),"")
AG36: 24 | AH36: =IFERROR(VLOOKUP(AG36&"-"&$D$7,'CUST DATAB'!B:E,3,FALSE),"") | AI36: =IFERROR(VLOOKUP(AG36&"-"&$D$7,'CUST DATAB'!B:E,4,FALSE),"") | AJ36: =IFERROR(IF(VLOOKUP($AH36,$AC$13:$AF$35,4,FALSE)<>0,IF(AI36<>"",VLOOKUP(AI36,'CUST DATAB'!E:F,2,FALSE),""),""),"") | AK36: =IFERROR(IF(VLOOKUP($AH36,$AC$13:$AF$35,4,FALSE)<>0,IF(AI36<>"",AJ36*$Y$34,""),""),"") | AL36: =IFERROR(IF(VLOOKUP($AH36,$AC$13:$AF$35,4,FALSE)<>0,IF(AH36<>"",AK36/$Y$7,""),""),"") | AM36: =IFERROR(IF(VLOOKUP($AH36,$AC$13:$AF$35,4,FALSE)<>0,IF(AI36<>"",$AD$3+AL36,""),""),"")
AC37: TEXAS | AD37: TEXAS | AE37: TX | AF37: % | AG37: 25 | AH37: =IFERROR(VLOOKUP(AG37&"-"&$D$7,'CUST DATAB'!B:E,3,FALSE),"") | AI37: =IFERROR(VLOOKUP(AG37&"-"&$D$7,'CUST DATAB'!B:E,4,FALSE),"") | AJ37: =IFERROR(IF(VLOOKUP($AH37,$AC$13:$AF$35,4,FALSE)<>0,IF(AI37<>"",VLOOKUP(AI37,'CUST DATAB'!E:F,2,FALSE),""),""),"") | AK37: =IFERROR(IF(VLOOKUP($AH37,$AC$13:$AF$35,4,FALSE)<>0,IF(AI37<>"",AJ37*$Y$34,""),""),"") | AL37: =IFERROR(IF(VLOOKUP($AH37,$AC$13:$AF$35,4,FALSE)<>0,IF(AH37<>"",AK37/$Y$7,""),""),"") | AM37: =IFERROR(IF(VLOOKUP($AH37,$AC$13:$AF$35,4,FALSE)<>0,IF(AI37<>"",$AD$3+AL37,""),""),"")
AD38: TRANSFER COST | AE38: =SUM(M:M)*VLOOKUP(AE37,LIST!$A$121:$C$126,3,FALSE) -> #N/A | AF38: 0.5 | AG38: 26 | AH38: =IFERROR(VLOOKUP(AG38&"-"&$D$7,'CUST DATAB'!B:E,3,FALSE),"") | AI38: =IFERROR(VLOOKUP(AG38&"-"&$D$7,'CUST DATAB'!B:E,4,FALSE),"") | AJ38: =IFERROR(IF(VLOOKUP($AH38,$AC$13:$AF$35,4,FALSE)<>0,IF(AI38<>"",VLOOKUP(AI38,'CUST DATAB'!E:F,2,FALSE),""),""),"") | AK38: =IFERROR(IF(VLOOKUP($AH38,$AC$13:$AF$35,4,FALSE)<>0,IF(AI38<>"",AJ38*$Y$34,""),""),"") | AL38: =IFERROR(IF(VLOOKUP($AH38,$AC$13:$AF$35,4,FALSE)<>0,IF(AH38<>"",AK38/$Y$7,""),""),"") | AM38: =IFERROR(IF(VLOOKUP($AH38,$AC$13:$AF$35,4,FALSE)<>0,IF(AI38<>"",$AD$3+AL38,""),""),"")
AD39: HAND LABOR | AE39: =VLOOKUP(AE37,LIST!$A$231:$F$236,MATCH($Y$3,LIST!$A$229:$F$229,1),FALSE) -> 0.94 | AG39: 27 | AH39: =IFERROR(VLOOKUP(AG39&"-"&$D$7,'CUST DATAB'!B:E,3,FALSE),"") | AI39: =IFERROR(VLOOKUP(AG39&"-"&$D$7,'CUST DATAB'!B:E,4,FALSE),"") | AJ39: =IFERROR(IF(VLOOKUP($AH39,$AC$13:$AF$35,4,FALSE)<>0,IF(AI39<>"",VLOOKUP(AI39,'CUST DATAB'!E:F,2,FALSE),""),""),"") | AK39: =IFERROR(IF(VLOOKUP($AH39,$AC$13:$AF$35,4,FALSE)<>0,IF(AI39<>"",AJ39*$Y$34,""),""),"") | AL39: =IFERROR(IF(VLOOKUP($AH39,$AC$13:$AF$35,4,FALSE)<>0,IF(AH39<>"",AK39/$Y$7,""),""),"") | AM39: =IFERROR(IF(VLOOKUP($AH39,$AC$13:$AF$35,4,FALSE)<>0,IF(AI39<>"",$AD$3+AL39,""),""),"")
AD40: SUB TOTAL | AE40: =+$Y$14+SUM($AA$21:$AA$32)+AE38+AE39 -> #N/A | AG40: 28 | AH40: =IFERROR(VLOOKUP(AG40&"-"&$D$7,'CUST DATAB'!B:E,3,FALSE),"") | AI40: =IFERROR(VLOOKUP(AG40&"-"&$D$7,'CUST DATAB'!B:E,4,FALSE),"") | AJ40: =IFERROR(IF(VLOOKUP($AH40,$AC$13:$AF$35,4,FALSE)<>0,IF(AI40<>"",VLOOKUP(AI40,'CUST DATAB'!E:F,2,FALSE),""),""),"") | AK40: =IFERROR(IF(VLOOKUP($AH40,$AC$13:$AF$35,4,FALSE)<>0,IF(AI40<>"",AJ40*$Y$34,""),""),"") | AL40: =IFERROR(IF(VLOOKUP($AH40,$AC$13:$AF$35,4,FALSE)<>0,IF(AH40<>"",AK40/$Y$7,""),""),"") | AM40: =IFERROR(IF(VLOOKUP($AH40,$AC$13:$AF$35,4,FALSE)<>0,IF(AI40<>"",$AD$3+AL40,""),""),"")
AG41: 29 | AH41: =IFERROR(VLOOKUP(AG41&"-"&$D$7,'CUST DATAB'!B:E,3,FALSE),"") | AI41: =IFERROR(VLOOKUP(AG41&"-"&$D$7,'CUST DATAB'!B:E,4,FALSE),"") | AJ41: =IFERROR(IF(VLOOKUP($AH41,$AC$13:$AF$35,4,FALSE)<>0,IF(AI41<>"",VLOOKUP(AI41,'CUST DATAB'!E:F,2,FALSE),""),""),"") | AK41: =IFERROR(IF(VLOOKUP($AH41,$AC$13:$AF$35,4,FALSE)<>0,IF(AI41<>"",AJ41*$Y$34,""),""),"") | AL41: =IFERROR(IF(VLOOKUP($AH41,$AC$13:$AF$35,4,FALSE)<>0,IF(AH41<>"",AK41/$Y$7,""),""),"") | AM41: =IFERROR(IF(VLOOKUP($AH41,$AC$13:$AF$35,4,FALSE)<>0,IF(AI41<>"",$AD$3+AL41,""),""),"")
AG42: 30 | AH42: =IFERROR(VLOOKUP(AG42&"-"&$D$7,'CUST DATAB'!B:E,3,FALSE),"") | AI42: =IFERROR(VLOOKUP(AG42&"-"&$D$7,'CUST DATAB'!B:E,4,FALSE),"") | AJ42: =IFERROR(IF(VLOOKUP($AH42,$AC$13:$AF$35,4,FALSE)<>0,IF(AI42<>"",VLOOKUP(AI42,'CUST DATAB'!E:F,2,FALSE),""),""),"") | AK42: =IFERROR(IF(VLOOKUP($AH42,$AC$13:$AF$35,4,FALSE)<>0,IF(AI42<>"",AJ42*$Y$34,""),""),"") | AL42: =IFERROR(IF(VLOOKUP($AH42,$AC$13:$AF$35,4,FALSE)<>0,IF(AH42<>"",AK42/$Y$7,""),""),"") | AM42: =IFERROR(IF(VLOOKUP($AH42,$AC$13:$AF$35,4,FALSE)<>0,IF(AI42<>"",$AD$3+AL42,""),""),"")
AG43: 31 | AH43: =IFERROR(VLOOKUP(AG43&"-"&$D$7,'CUST DATAB'!B:E,3,FALSE),"") | AI43: =IFERROR(VLOOKUP(AG43&"-"&$D$7,'CUST DATAB'!B:E,4,FALSE),"") | AJ43: =IFERROR(IF(VLOOKUP($AH43,$AC$13:$AF$35,4,FALSE)<>0,IF(AI43<>"",VLOOKUP(AI43,'CUST DATAB'!E:F,2,FALSE),""),""),"") | AK43: =IFERROR(IF(VLOOKUP($AH43,$AC$13:$AF$35,4,FALSE)<>0,IF(AI43<>"",AJ43*$Y$34,""),""),"") | AL43: =IFERROR(IF(VLOOKUP($AH43,$AC$13:$AF$35,4,FALSE)<>0,IF(AH43<>"",AK43/$Y$7,""),""),"") | AM43: =IFERROR(IF(VLOOKUP($AH43,$AC$13:$AF$35,4,FALSE)<>0,IF(AI43<>"",$AD$3+AL43,""),""),"")
AG44: 32 | AH44: =IFERROR(VLOOKUP(AG44&"-"&$D$7,'CUST DATAB'!B:E,3,FALSE),"") | AI44: =IFERROR(VLOOKUP(AG44&"-"&$D$7,'CUST DATAB'!B:E,4,FALSE),"") | AJ44: =IFERROR(IF(VLOOKUP($AH44,$AC$13:$AF$35,4,FALSE)<>0,IF(AI44<>"",VLOOKUP(AI44,'CUST DATAB'!E:F,2,FALSE),""),""),"") | AK44: =IFERROR(IF(VLOOKUP($AH44,$AC$13:$AF$35,4,FALSE)<>0,IF(AI44<>"",AJ44*$Y$34,""),""),"") | AL44: =IFERROR(IF(VLOOKUP($AH44,$AC$13:$AF$35,4,FALSE)<>0,IF(AH44<>"",AK44/$Y$7,""),""),"") | AM44: =IFERROR(IF(VLOOKUP($AH44,$AC$13:$AF$35,4,FALSE)<>0,IF(AI44<>"",$AD$3+AL44,""),""),"")
AG45: 33 | AH45: =IFERROR(VLOOKUP(AG45&"-"&$D$7,'CUST DATAB'!B:E,3,FALSE),"") | AI45: =IFERROR(VLOOKUP(AG45&"-"&$D$7,'CUST DATAB'!B:E,4,FALSE),"") | AJ45: =IFERROR(IF(VLOOKUP($AH45,$AC$13:$AF$35,4,FALSE)<>0,IF(AI45<>"",VLOOKUP(AI45,'CUST DATAB'!E:F,2,FALSE),""),""),"") | AK45: =IFERROR(IF(VLOOKUP($AH45,$AC$13:$AF$35,4,FALSE)<>0,IF(AI45<>"",AJ45*$Y$34,""),""),"") | AL45: =IFERROR(IF(VLOOKUP($AH45,$AC$13:$AF$35,4,FALSE)<>0,IF(AH45<>"",AK45/$Y$7,""),""),"") | AM45: =IFERROR(IF(VLOOKUP($AH45,$AC$13:$AF$35,4,FALSE)<>0,IF(AI45<>"",$AD$3+AL45,""),""),"")
AG46: 34 | AH46: =IFERROR(VLOOKUP(AG46&"-"&$D$7,'CUST DATAB'!B:E,3,FALSE),"") | AI46: =IFERROR(VLOOKUP(AG46&"-"&$D$7,'CUST DATAB'!B:E,4,FALSE),"") | AJ46: =IFERROR(IF(VLOOKUP($AH46,$AC$13:$AF$35,4,FALSE)<>0,IF(AI46<>"",VLOOKUP(AI46,'CUST DATAB'!E:F,2,FALSE),""),""),"") | AK46: =IFERROR(IF(VLOOKUP($AH46,$AC$13:$AF$35,4,FALSE)<>0,IF(AI46<>"",AJ46*$Y$34,""),""),"") | AL46: =IFERROR(IF(VLOOKUP($AH46,$AC$13:$AF$35,4,FALSE)<>0,IF(AH46<>"",AK46/$Y$7,""),""),"") | AM46: =IFERROR(IF(VLOOKUP($AH46,$AC$13:$AF$35,4,FALSE)<>0,IF(AI46<>"",$AD$3+AL46,""),""),"")
AG47: 35 | AH47: =IFERROR(VLOOKUP(AG47&"-"&$D$7,'CUST DATAB'!B:E,3,FALSE),"") | AI47: =IFERROR(VLOOKUP(AG47&"-"&$D$7,'CUST DATAB'!B:E,4,FALSE),"") | AJ47: =IFERROR(IF(VLOOKUP($AH47,$AC$13:$AF$35,4,FALSE)<>0,IF(AI47<>"",VLOOKUP(AI47,'CUST DATAB'!E:F,2,FALSE),""),""),"") | AK47: =IFERROR(IF(VLOOKUP($AH47,$AC$13:$AF$35,4,FALSE)<>0,IF(AI47<>"",AJ47*$Y$34,""),""),"") | AL47: =IFERROR(IF(VLOOKUP($AH47,$AC$13:$AF$35,4,FALSE)<>0,IF(AH47<>"",AK47/$Y$7,""),""),"") | AM47: =IFERROR(IF(VLOOKUP($AH47,$AC$13:$AF$35,4,FALSE)<>0,IF(AI47<>"",$AD$3+AL47,""),""),"")
AG48: 36 | AH48: =IFERROR(VLOOKUP(AG48&"-"&$D$7,'CUST DATAB'!B:E,3,FALSE),"") | AI48: =IFERROR(VLOOKUP(AG48&"-"&$D$7,'CUST DATAB'!B:E,4,FALSE),"") | AJ48: =IFERROR(IF(VLOOKUP($AH48,$AC$13:$AF$35,4,FALSE)<>0,IF(AI48<>"",VLOOKUP(AI48,'CUST DATAB'!E:F,2,FALSE),""),""),"") | AK48: =IFERROR(IF(VLOOKUP($AH48,$AC$13:$AF$35,4,FALSE)<>0,IF(AI48<>"",AJ48*$Y$34,""),""),"") | AL48: =IFERROR(IF(VLOOKUP($AH48,$AC$13:$AF$35,4,FALSE)<>0,IF(AH48<>"",AK48/$Y$7,""),""),"") | AM48: =IFERROR(IF(VLOOKUP($AH48,$AC$13:$AF$35,4,FALSE)<>0,IF(AI48<>"",$AD$3+AL48,""),""),"")
AG49: 37 | AH49: =IFERROR(VLOOKUP(AG49&"-"&$D$7,'CUST DATAB'!B:E,3,FALSE),"") | AI49: =IFERROR(VLOOKUP(AG49&"-"&$D$7,'CUST DATAB'!B:E,4,FALSE),"") | AJ49: =IFERROR(IF(VLOOKUP($AH49,$AC$13:$AF$35,4,FALSE)<>0,IF(AI49<>"",VLOOKUP(AI49,'CUST DATAB'!E:F,2,FALSE),""),""),"") | AK49: =IFERROR(IF(VLOOKUP($AH49,$AC$13:$AF$35,4,FALSE)<>0,IF(AI49<>"",AJ49*$Y$34,""),""),"") | AL49: =IFERROR(IF(VLOOKUP($AH49,$AC$13:$AF$35,4,FALSE)<>0,IF(AH49<>"",AK49/$Y$7,""),""),"") | AM49: =IFERROR(IF(VLOOKUP($AH49,$AC$13:$AF$35,4,FALSE)<>0,IF(AI49<>"",$AD$3+AL49,""),""),"")
AG50: 38 | AH50: =IFERROR(VLOOKUP(AG50&"-"&$D$7,'CUST DATAB'!B:E,3,FALSE),"") | AI50: =IFERROR(VLOOKUP(AG50&"-"&$D$7,'CUST DATAB'!B:E,4,FALSE),"") | AJ50: =IFERROR(IF(VLOOKUP($AH50,$AC$13:$AF$35,4,FALSE)<>0,IF(AI50<>"",VLOOKUP(AI50,'CUST DATAB'!E:F,2,FALSE),""),""),"") | AK50: =IFERROR(IF(VLOOKUP($AH50,$AC$13:$AF$35,4,FALSE)<>0,IF(AI50<>"",AJ50*$Y$34,""),""),"") | AL50: =IFERROR(IF(VLOOKUP($AH50,$AC$13:$AF$35,4,FALSE)<>0,IF(AH50<>"",AK50/$Y$7,""),""),"") | AM50: =IFERROR(IF(VLOOKUP($AH50,$AC$13:$AF$35,4,FALSE)<>0,IF(AI50<>"",$AD$3+AL50,""),""),"")
AG51: 39 | AH51: =IFERROR(VLOOKUP(AG51&"-"&$D$7,'CUST DATAB'!B:E,3,FALSE),"") | AI51: =IFERROR(VLOOKUP(AG51&"-"&$D$7,'CUST DATAB'!B:E,4,FALSE),"") | AJ51: =IFERROR(IF(VLOOKUP($AH51,$AC$13:$AF$35,4,FALSE)<>0,IF(AI51<>"",VLOOKUP(AI51,'CUST DATAB'!E:F,2,FALSE),""),""),"") | AK51: =IFERROR(IF(VLOOKUP($AH51,$AC$13:$AF$35,4,FALSE)<>0,IF(AI51<>"",AJ51*$Y$34,""),""),"") | AL51: =IFERROR(IF(VLOOKUP($AH51,$AC$13:$AF$35,4,FALSE)<>0,IF(AH51<>"",AK51/$Y$7,""),""),"") | AM51: =IFERROR(IF(VLOOKUP($AH51,$AC$13:$AF$35,4,FALSE)<>0,IF(AI51<>"",$AD$3+AL51,""),""),"")
AG52: 40 | AH52: =IFERROR(VLOOKUP(AG52&"-"&$D$7,'CUST DATAB'!B:E,3,FALSE),"") | AI52: =IFERROR(VLOOKUP(AG52&"-"&$D$7,'CUST DATAB'!B:E,4,FALSE),"") | AJ52: =IFERROR(IF(VLOOKUP($AH52,$AC$13:$AF$35,4,FALSE)<>0,IF(AI52<>"",VLOOKUP(AI52,'CUST DATAB'!E:F,2,FALSE),""),""),"") | AK52: =IFERROR(IF(VLOOKUP($AH52,$AC$13:$AF$35,4,FALSE)<>0,IF(AI52<>"",AJ52*$Y$34,""),""),"") | AL52: =IFERROR(IF(VLOOKUP($AH52,$AC$13:$AF$35,4,FALSE)<>0,IF(AH52<>"",AK52/$Y$7,""),""),"") | AM52: =IFERROR(IF(VLOOKUP($AH52,$AC$13:$AF$35,4,FALSE)<>0,IF(AI52<>"",$AD$3+AL52,""),""),"")
... AG54: 42 | AH54: =IFERROR(VLOOKUP(AG54&"-"&$D$7,'CUST DATAB'!B:E,3,FALSE),"") | AI54: =IFERROR(VLOOKUP(AG54&"-"&$D$7,'CUST DATAB'!B:E,4,FALSE),"") | AJ54: =IFERROR(IF(VLOOKUP($AH54,$AC$13:$AF$35,4,FALSE)<>0,IF(AI54<>"",VLOOKUP(AI54,'CUST DATAB'!E:F,2,FALSE),""),""),"") | AK54: =IFERROR(IF(VLOOKUP($AH54,$AC$13:$AF$35,4,FALSE)<>0,IF(AI54<>"",AJ54*$Y$34,""),""),"") | AL54: =IFERROR(IF(VLOOKUP($AH54,$AC$13:$AF$35,4,FALSE)<>0,IF(AH54<>"",AK54/$Y$7,""),""),"") | AM54: =IFERROR(IF(VLOOKUP($AH54,$AC$13:$AF$35,4,FALSE)<>0,IF(AI54<>"",$AD$3+AL54,""),""),"")

Sheet REGULAR Spec Sheet
B1: BOUQUET PROPOSAL | G1: Vendor Name:* | I1: ELITE FLOWER
G2: Contact Name:*
B3: NOMBRE PRODUCTO FINAL | G3: Phone:*
B4: =#REF! -> #REF! | L4: =NOW() -> 46104.111
B5: Item # | C5: FOB Wahrehouse Cost* | D5: CLASS | E5: TYPE | F5: RETAIL | G5: CIC | J5: Box Dimensions
C6: =IF(ROUND(#REF!,0)<>ROUND(#REF!,0),"Cells AH2 & AL4 (from REGULAR CHART sheet) MUST MATCH",MAX(#REF!,#REF!)) -> #REF! | D6: MIX BQT | J6: =IF(#REF!="Y",#REF!,#REF!) -> #REF!
B7: UPC Code* | D7: BOX TYPE OF FINISH PRODUCT | G7: PHOTO
D8: =#REF! -> #REF!
B9: PRODUCT | C9: COLOR | D9: GRADE | E9: COMMENTS / SUBS | F9: STEMS
B10: =IFERROR(VLOOKUP(O10,#REF!,4,FALSE),"") | C10: =IFERROR(VLOOKUP(O10,#REF!,8,FALSE),"") | D10: =IFERROR(VLOOKUP(O10,#REF!,11,FALSE),"") | E10: =IFERROR(VLOOKUP(O10,#REF!,10,FALSE),"") | F10: =IFERROR(VLOOKUP(O10,#REF!,3,FALSE),"") | O10: {=IFERROR(SMALL(IF(#REF!<>"",#REF!,""),ROW()-9),"")}
B11: =IFERROR(VLOOKUP(O11,#REF!,4,FALSE),"") | C11: =IFERROR(VLOOKUP(O11,#REF!,8,FALSE),"") | D11: =IFERROR(VLOOKUP(O11,#REF!,11,FALSE),"") | E11: =IFERROR(VLOOKUP(O11,#REF!,10,FALSE),"") | F11: =IFERROR(VLOOKUP(O11,#REF!,3,FALSE),"") | O11: {=IFERROR(SMALL(IF(#REF!<>"",#REF!,""),ROW()-9),"")}
B12: =IFERROR(VLOOKUP(O12,#REF!,4,FALSE),"") | C12: =IFERROR(VLOOKUP(O12,#REF!,8,FALSE),"") | D12: =IFERROR(VLOOKUP(O12,#REF!,11,FALSE),"") | E12: =IFERROR(VLOOKUP(O12,#REF!,10,FALSE),"") | F12: =IFERROR(VLOOKUP(O12,#REF!,3,FALSE),"") | O12: {=IFERROR(SMALL(IF(#REF!<>"",#REF!,""),ROW()-9),"")}
B13: =IFERROR(VLOOKUP(O13,#REF!,4,FALSE),"") | C13: =IFERROR(VLOOKUP(O13,#REF!,8,FALSE),"") | D13: =IFERROR(VLOOKUP(O13,#REF!,11,FALSE),"") | E13: =IFERROR(VLOOKUP(O13,#REF!,10,FALSE),"") | F13: =IFERROR(VLOOKUP(O13,#REF!,3,FALSE),"") | O13: {=IFERROR(SMALL(IF(#REF!<>"",#REF!,""),ROW()-9),"")}
B14: =IFERROR(VLOOKUP(O14,#REF!,4,FALSE),"") | C14: =IFERROR(VLOOKUP(O14,#REF!,8,FALSE),"") | D14: =IFERROR(VLOOKUP(O14,#REF!,11,FALSE),"") | E14: =IFERROR(VLOOKUP(O14,#REF!,10,FALSE),"") | F14: =IFERROR(VLOOKUP(O14,#REF!,3,FALSE),"") | O14: {=IFERROR(SMALL(IF(#REF!<>"",#REF!,""),ROW()-9),"")}
B15: =IFERROR(VLOOKUP(O15,#REF!,4,FALSE),"") | C15: =IFERROR(VLOOKUP(O15,#REF!,8,FALSE),"") | D15: =IFERROR(VLOOKUP(O15,#REF!,11,FALSE),"") | E15: =IFERROR(VLOOKUP(O15,#REF!,10,FALSE),"") | F15: =IFERROR(VLOOKUP(O15,#REF!,3,FALSE),"") | O15: {=IFERROR(SMALL(IF(#REF!<>"",#REF!,""),ROW()-9),"")}
B16: =IFERROR(VLOOKUP(O16,#REF!,4,FALSE),"") | C16: =IFERROR(VLOOKUP(O16,#REF!,8,FALSE),"") | D16: =IFERROR(VLOOKUP(O16,#REF!,11,FALSE),"") | E16: =IFERROR(VLOOKUP(O16,#REF!,10,FALSE),"") | F16: =IFERROR(VLOOKUP(O16,#REF!,3,FALSE),"") | O16: {=IFERROR(SMALL(IF(#REF!<>"",#REF!,""),ROW()-9),"")}
B17: =IFERROR(VLOOKUP(O17,#REF!,4,FALSE),"") | C17: =IFERROR(VLOOKUP(O17,#REF!,8,FALSE),"") | D17: =IFERROR(VLOOKUP(O17,#REF!,11,FALSE),"") | E17: =IFERROR(VLOOKUP(O17,#REF!,10,FALSE),"") | F17: =IFERROR(VLOOKUP(O17,#REF!,3,FALSE),"") | O17: {=IFERROR(SMALL(IF(#REF!<>"",#REF!,""),ROW()-9),"")}
B18: =IFERROR(VLOOKUP(O18,#REF!,4,FALSE),"") | C18: =IFERROR(VLOOKUP(O18,#REF!,8,FALSE),"") | D18: =IFERROR(VLOOKUP(O18,#REF!,11,FALSE),"") | E18: =IFERROR(VLOOKUP(O18,#REF!,10,FALSE),"") | F18: =IFERROR(VLOOKUP(O18,#REF!,3,FALSE),"") | O18: {=IFERROR(SMALL(IF(#REF!<>"",#REF!,""),ROW()-9),"")}
B19: =IFERROR(VLOOKUP(O19,#REF!,4,FALSE),"") | C19: =IFERROR(VLOOKUP(O19,#REF!,8,FALSE),"") | D19: =IFERROR(VLOOKUP(O19,#REF!,11,FALSE),"") | E19: =IFERROR(VLOOKUP(O19,#REF!,10,FALSE),"") | F19: =IFERROR(VLOOKUP(O19,#REF!,3,FALSE),"") | O19: {=IFERROR(SMALL(IF(#REF!<>"",#REF!,""),ROW()-9),"")}
B20: =IFERROR(VLOOKUP(O20,#REF!,4,FALSE),"") | C20: =IFERROR(VLOOKUP(O20,#REF!,8,FALSE),"") | D20: =IFERROR(VLOOKUP(O20,#REF!,11,FALSE),"") | E20: =IFERROR(VLOOKUP(O20,#REF!,10,FALSE),"") | F20: =IFERROR(VLOOKUP(O20,#REF!,3,FALSE),"") | O20: {=IFERROR(SMALL(IF(#REF!<>"",#REF!,""),ROW()-9),"")}
B21: =IFERROR(VLOOKUP(O21,#REF!,4,FALSE),"") | C21: =IFERROR(VLOOKUP(O21,#REF!,8,FALSE),"") | D21: =IFERROR(VLOOKUP(O21,#REF!,11,FALSE),"") | E21: =IFERROR(VLOOKUP(O21,#REF!,10,FALSE),"") | F21: =IFERROR(VLOOKUP(O21,#REF!,3,FALSE),"") | O21: {=IFERROR(SMALL(IF(#REF!<>"",#REF!,""),ROW()-9),"")}
... B34: =IFERROR(VLOOKUP(O34,#REF!,4,FALSE),"") | C34: =IFERROR(VLOOKUP(O34,#REF!,8,FALSE),"") | D34: =IFERROR(VLOOKUP(O34,#REF!,11,FALSE),"") | E34: =IFERROR(VLOOKUP(O34,#REF!,10,FALSE),"") | F34: =IFERROR(VLOOKUP(O34,#REF!,3,FALSE),"") | O34: {=IFERROR(SMALL(IF(#REF!<>"",#REF!,""),ROW()-9),"")}
B35: COMMENTS | E35: TOT STEMS | F35: =SUM(F10:F34) -> 0 | O35: {=IFERROR(SMALL(IF(#REF!<>"",#REF!,""),ROW()-9),"")}
G36: Sleeve Information:
G37: Description
G38: Vendor
G39: Size
G40: Sleeve Photo | K40: Pick Photo
B41: DRY MATERIAL
B42: PRODUCT | C42: Specs / Color / etc | D42: QTY | E42: vendor (if available)
B43: =IFERROR(VLOOKUP(A43,#REF!,2,FALSE),"") | D43: =IF(B43<>"",1,"")
B44: =IFERROR(VLOOKUP(A44,#REF!,2,FALSE),"") | D44: =IF(B44<>"",1,"")
B45: =IFERROR(VLOOKUP(A45,#REF!,2,FALSE),"") | D45: =IF(B45<>"",1,"")
B46: =IFERROR(VLOOKUP(A46,#REF!,2,FALSE),"") | D46: =IF(B46<>"",1,"")
B47: =IFERROR(VLOOKUP(A47,#REF!,2,FALSE),"") | D47: =IF(B47<>"",1,"")

Sheet Spec Sheet
B1: BOUQUET PROPOSAL | G1: Vendor Name:* | I1: ELITE FLOWER
G2: Contact Name:*
B3: NOMBRE PRODUCTO FINAL | G3: Phone:*
B4: =IF(Quote!D3="","",Quote!D3) -> 12.99 BOSS DAY | L4: =NOW() -> 46104.111
B5: Item # | C5: FOB Wahrehouse Cost* | D5: CLASS | E5: TYPE | F5: RETAIL | G5: CIC | J5: Box Dimensions
C6: =Quote!AD37 -> 0.564 | D6: =Quote!D10 -> BOUQUET | J6: =Quote!AA6 -> #N/A
B7: UPC Code* | D7: BOX TYPE OF FINISH PRODUCT | G7: PHOTO
D8: =Quote!Z6 -> QUARTER
B9: PRODUCT | C9: COLOR | D9: GRADE | E9: COMMENTS / SUBS | F9: STEMS
B10: =IF(Quote!D15<>"",Quote!D15,"") | C10: =IF(Quote!H15<>"",Quote!H15,"") | D10: =IF(Quote!K15<>"",Quote!K15,"") | E10: =IF(Quote!J15<>"",Quote!J15,"") | F10: =IF(Quote!C15<>"",Quote!C15,"") | O10: {=IFERROR(SMALL(IF(#REF!<>"",#REF!,""),ROW()-9),"")}
B11: =IF(Quote!D16<>"",Quote!D16,"") | C11: =IF(Quote!H16<>"",Quote!H16,"") | D11: =IF(Quote!K16<>"",Quote!K16,"") | E11: =IF(Quote!J16<>"",Quote!J16,"") | F11: =IF(Quote!C16<>"",Quote!C16,"") | O11: {=IFERROR(SMALL(IF(#REF!<>"",#REF!,""),ROW()-9),"")}
B12: =IF(Quote!D17<>"",Quote!D17,"") | C12: =IF(Quote!H17<>"",Quote!H17,"") | D12: =IF(Quote!K17<>"",Quote!K17,"") | E12: =IF(Quote!J17<>"",Quote!J17,"") | F12: =IF(Quote!C17<>"",Quote!C17,"") | O12: {=IFERROR(SMALL(IF(#REF!<>"",#REF!,""),ROW()-9),"")}
B13: =IF(Quote!D18<>"",Quote!D18,"") | C13: =IF(Quote!H18<>"",Quote!H18,"") | D13: =IF(Quote!K18<>"",Quote!K18,"") | E13: =IF(Quote!J18<>"",Quote!J18,"") | F13: =IF(Quote!C18<>"",Quote!C18,"") | O13: {=IFERROR(SMALL(IF(#REF!<>"",#REF!,""),ROW()-9),"")}
B14: =IF(Quote!D19<>"",Quote!D19,"") | C14: =IF(Quote!H19<>"",Quote!H19,"") | D14: =IF(Quote!K19<>"",Quote!K19,"") | E14: =IF(Quote!J19<>"",Quote!J19,"") | F14: =IF(Quote!C19<>"",Quote!C19,"") | O14: {=IFERROR(SMALL(IF(#REF!<>"",#REF!,""),ROW()-9),"")}
B15: =IF(Quote!D20<>"",Quote!D20,"") | C15: =IF(Quote!H20<>"",Quote!H20,"") | D15: =IF(Quote!K20<>"",Quote!K20,"") | E15: =IF(Quote!J20<>"",Quote!J20,"") | F15: =IF(Quote!C20<>"",Quote!C20,"") | O15: {=IFERROR(SMALL(IF(#REF!<>"",#REF!,""),ROW()-9),"")}
B16: =IF(Quote!D21<>"",Quote!D21,"") | C16: =IF(Quote!H21<>"",Quote!H21,"") | D16: =IF(Quote!K21<>"",Quote!K21,"") | E16: =IF(Quote!J21<>"",Quote!J21,"") | F16: =IF(Quote!C21<>"",Quote!C21,"") | O16: {=IFERROR(SMALL(IF(#REF!<>"",#REF!,""),ROW()-9),"")}
B17: =IF(Quote!D22<>"",Quote!D22,"") | C17: =IF(Quote!H22<>"",Quote!H22,"") | D17: =IF(Quote!K22<>"",Quote!K22,"") | E17: =IF(Quote!J22<>"",Quote!J22,"") | F17: =IF(Quote!C22<>"",Quote!C22,"") | O17: {=IFERROR(SMALL(IF(#REF!<>"",#REF!,""),ROW()-9),"")}
B18: =IF(Quote!D23<>"",Quote!D23,"") | C18: =IF(Quote!H23<>"",Quote!H23,"") | D18: =IF(Quote!K23<>"",Quote!K23,"") | E18: =IF(Quote!J23<>"",Quote!J23,"") | F18: =IF(Quote!C23<>"",Quote!C23,"") | O18: {=IFERROR(SMALL(IF(#REF!<>"",#REF!,""),ROW()-9),"")}
B19: =IF(Quote!D24<>"",Quote!D24,"") | C19: =IF(Quote!H24<>"",Quote!H24,"") | D19: =IF(Quote!K24<>"",Quote!K24,"") | E19: =IF(Quote!J24<>"",Quote!J24,"") | F19: =IF(Quote!C24<>"",Quote!C24,"") | O19: {=IFERROR(SMALL(IF(#REF!<>"",#REF!,""),ROW()-9),"")}
B20: =IF(Quote!D25<>"",Quote!D25,"") | C20: =IF(Quote!H25<>"",Quote!H25,"") | D20: =IF(Quote!K25<>"",Quote!K25,"") | E20: =IF(Quote!J25<>"",Quote!J25,"") | F20: =IF(Quote!C25<>"",Quote!C25,"") | O20: {=IFERROR(SMALL(IF(#REF!<>"",#REF!,""),ROW()-9),"")}
B21: =IF(Quote!D26<>"",Quote!D26,"") | C21: =IF(Quote!H26<>"",Quote!H26,"") | D21: =IF(Quote!K26<>"",Quote!K26,"") | E21: =IF(Quote!J26<>"",Quote!J26,"") | F21: =IF(Quote!C26<>"",Quote!C26,"") | O21: {=IFERROR(SMALL(IF(#REF!<>"",#REF!,""),ROW()-9),"")}
... B35: =IF(Quote!D40<>"",Quote!D40,"") | C35: =IF(Quote!H40<>"",Quote!H40,"") | D35: =IF(Quote!K40<>"",Quote!K40,"") | E35: =IF(Quote!J40<>"",Quote!J40,"") | F35: =IF(Quote!C40<>"",Quote!C40,"") | O35: {=IFERROR(SMALL(IF(#REF!<>"",#REF!,""),ROW()-9),"")}
B36: =IF(Quote!D41<>"",Quote!D41,"") | C36: =IF(Quote!H41<>"",Quote!H41,"") | D36: =IF(Quote!K41<>"",Quote!K41,"") | E36: =IF(Quote!J41<>"",Quote!J41,"") | F36: =IF(Quote!C41<>"",Quote!C41,"") | G36: Sleeve Information:
B37: COMMENTS | E37: TOTAL STEMS | F37: =SUM(F10:F36) -> 0 | G37: Description
G38: Vendor
G39: Size
G40: Sleeve Photo | K40: Pick Photo
B43: DRY MATERIAL
B44: PRODUCT | C44: Specs / Color / etc | D44: QTY | E44: vendor (if available)
B45: =IF(Quote!AC18="Y",Quote!AE18,"") | D45: =IF(B45<>"",1,"")
B46: =IF(Quote!AC19="Y",Quote!AE19,"") | D46: =IF(B46<>"",1,"")
B47: =IF(Quote!AC20="Y",Quote!AE20,"") -> Food | D47: =IF(B47<>"",1,"") -> 1
B48: =IF(Quote!AC21="Y",Quote!AE21,"") -> UPC | D48: =IF(B48<>"",1,"") -> 1
B49: =IF(Quote!AC22="Y",Quote!AE22,"") | D49: =IF(B49<>"",1,"")
B50: =IF(Quote!AC23="Y",Quote!AE23,"") | D50: =IF(B50<>"",1,"")
B51: =IF(Quote!AC24="Y",Quote!AE24,"") | D51: =IF(B51<>"",1,"")
B52: =IF(Quote!AC25="Y",Quote!AE25,"") -> Wrap / Sleeve | D52: =IF(B52<>"",1,"") -> 1
B53: =IF(Quote!AC26="Y",Quote!AE26,"") | D53: =IF(B53<>"",1,"")
B54: =IF(Quote!AC27="Y",Quote!AE27,"") | D54: =IF(B54<>"",1,"")
B55: =IF(Quote!AC28="Y",Quote!AE28,"") | D55: =IF(B55<>"",1,"")
B56: =IF(Quote!AC29="Y",Quote!AE29,"") | D56: =IF(B56<>"",1,"")
... B59: =IF(Quote!AC32="Y",Quote!AE32,"") | D59: =IF(B59<>"",1,"")

Sheet HOUSE MADE BQT Spec Sheet
B1: BOUQUET PROPOSAL | G1: Vendor Name:* | I1: ELITE FLOWER
G2: Contact Name:* | I2: ROLAND
B3: NOMBRE PRODUCTO FINAL | G3: Phone:* | I3: 305-436-7400
B4: ='HOUSE MADE BQT CHART'!D3 -> PRETTY BQT | L4: =NOW() -> 46104.111
B5: Item # | C5: FOB Wahrehouse Cost* | D5: CLASS | E5: TYPE | F5: RETAIL | G5: CIC | J5: Box Dimensions
C6: ='HOUSE MADE BQT CHART'!AD5 -> #N/A | D6: MIX BQT | E6: USA HAND MADE BQT | J6: ='HOUSE MADE BQT CHART'!Y33 -> 20x12x25
B7: UPC Code* | D7: BOX TYPE OF FINISH PRODUCT | G7: PHOTO
D8: ='HOUSE MADE BQT CHART'!Y31 -> WET WALMART DOUBLE
B9: PRODUCT | C9: COLOR | D9: GRADE | E9: ACCEPTABLE SUBS | F9: STEMS
B10: =IF('HOUSE MADE BQT CHART'!C11<>"",'HOUSE MADE BQT CHART'!C11,"") -> ROSES | C10: =IF('HOUSE MADE BQT CHART'!C11<>"",'HOUSE MADE BQT CHART'!H11,"") -> RED | F10: =IF('HOUSE MADE BQT CHART'!C11<>"",'HOUSE MADE BQT CHART'!B11,"") -> 6
B11: =IF('HOUSE MADE BQT CHART'!C12<>"",'HOUSE MADE BQT CHART'!C12,"") -> ROSES | C11: =IF('HOUSE MADE BQT CHART'!C12<>"",'HOUSE MADE BQT CHART'!H12,"") -> LIGHT PINK | F11: =IF('HOUSE MADE BQT CHART'!C12<>"",'HOUSE MADE BQT CHART'!B12,"") -> 6
B12: =IF('HOUSE MADE BQT CHART'!C13<>"",'HOUSE MADE BQT CHART'!C13,"") | C12: =IF('HOUSE MADE BQT CHART'!C13<>"",'HOUSE MADE BQT CHART'!H13,"") | F12: =IF('HOUSE MADE BQT CHART'!C13<>"",'HOUSE MADE BQT CHART'!B13,"")
B13: =IF('HOUSE MADE BQT CHART'!C14<>"",'HOUSE MADE BQT CHART'!C14,"") | C13: =IF('HOUSE MADE BQT CHART'!C14<>"",'HOUSE MADE BQT CHART'!H14,"") | F13: =IF('HOUSE MADE BQT CHART'!C14<>"",'HOUSE MADE BQT CHART'!B14,"")
B14: =IF('HOUSE MADE BQT CHART'!C15<>"",'HOUSE MADE BQT CHART'!C15,"") | C14: =IF('HOUSE MADE BQT CHART'!C15<>"",'HOUSE MADE BQT CHART'!H15,"") | F14: =IF('HOUSE MADE BQT CHART'!C15<>"",'HOUSE MADE BQT CHART'!B15,"")
B15: =IF('HOUSE MADE BQT CHART'!C16<>"",'HOUSE MADE BQT CHART'!C16,"") | C15: =IF('HOUSE MADE BQT CHART'!C16<>"",'HOUSE MADE BQT CHART'!H16,"") | F15: =IF('HOUSE MADE BQT CHART'!C16<>"",'HOUSE MADE BQT CHART'!B16,"")
B16: =IF('HOUSE MADE BQT CHART'!C17<>"",'HOUSE MADE BQT CHART'!C17,"") | C16: =IF('HOUSE MADE BQT CHART'!C17<>"",'HOUSE MADE BQT CHART'!H17,"") | F16: =IF('HOUSE MADE BQT CHART'!C17<>"",'HOUSE MADE BQT CHART'!B17,"")
B17: =IF('HOUSE MADE BQT CHART'!C18<>"",'HOUSE MADE BQT CHART'!C18,"") | C17: =IF('HOUSE MADE BQT CHART'!C18<>"",'HOUSE MADE BQT CHART'!H18,"") | F17: =IF('HOUSE MADE BQT CHART'!C18<>"",'HOUSE MADE BQT CHART'!B18,"")
B18: =IF('HOUSE MADE BQT CHART'!C19<>"",'HOUSE MADE BQT CHART'!C19,"") | C18: =IF('HOUSE MADE BQT CHART'!C19<>"",'HOUSE MADE BQT CHART'!H19,"") | F18: =IF('HOUSE MADE BQT CHART'!C19<>"",'HOUSE MADE BQT CHART'!B19,"")
B19: =IF('HOUSE MADE BQT CHART'!C20<>"",'HOUSE MADE BQT CHART'!C20,"") | C19: =IF('HOUSE MADE BQT CHART'!C20<>"",'HOUSE MADE BQT CHART'!H20,"") | F19: =IF('HOUSE MADE BQT CHART'!C20<>"",'HOUSE MADE BQT CHART'!B20,"")
B20: =IF('HOUSE MADE BQT CHART'!C21<>"",'HOUSE MADE BQT CHART'!C21,"") | C20: =IF('HOUSE MADE BQT CHART'!C21<>"",'HOUSE MADE BQT CHART'!H21,"") | F20: =IF('HOUSE MADE BQT CHART'!C21<>"",'HOUSE MADE BQT CHART'!B21,"")
B21: =IF('HOUSE MADE BQT CHART'!C22<>"",'HOUSE MADE BQT CHART'!C22,"") | C21: =IF('HOUSE MADE BQT CHART'!C22<>"",'HOUSE MADE BQT CHART'!H22,"") | F21: =IF('HOUSE MADE BQT CHART'!C22<>"",'HOUSE MADE BQT CHART'!B22,"")
... B34: =IF('HOUSE MADE BQT CHART'!C35<>"",'HOUSE MADE BQT CHART'!C35,"") | C34: =IF('HOUSE MADE BQT CHART'!C35<>"",'HOUSE MADE BQT CHART'!H35,"") | F34: =IF('HOUSE MADE BQT CHART'!C35<>"",'HOUSE MADE BQT CHART'!B35,"")
B35: COMMENTS | E35: TOT STEMS | F35: =SUM(F10:F34) -> 12
G36: Sleeve Information:
G37: Description
G38: Vendor
G39: Size
G40: Sleeve Photo | K40: Pick Photo
B41: DRY MATERIAL
B42: PRODUCT | C42: Specs / Color / etc | D42: QTY | E42: vendor (if available)
A43: 1 | B43: =IFERROR(VLOOKUP(A43,'HOUSE MADE BQT CHART'!$W$21:$AA$35,2,FALSE),"") -> CLEAR SLEEVE | D43: =IF(B43<>"",1,"") -> 1
A44: 2 | B44: =IFERROR(VLOOKUP(A44,'HOUSE MADE BQT CHART'!$W$21:$AA$35,2,FALSE),"") -> OTHER 1 | D44: =IF(B44<>"",1,"") -> 1
A45: 3 | B45: =IFERROR(VLOOKUP(A45,'HOUSE MADE BQT CHART'!$W$21:$AA$35,2,FALSE),"") | D45: =IF(B45<>"",1,"")
A46: 4 | B46: =IFERROR(VLOOKUP(A46,'HOUSE MADE BQT CHART'!$W$21:$AA$35,2,FALSE),"") | D46: =IF(B46<>"",1,"")
A47: 5 | B47: =IFERROR(VLOOKUP(A47,'HOUSE MADE BQT CHART'!$W$21:$AA$35,2,FALSE),"") | D47: =IF(B47<>"",1,"")

Sheet FL COST
A1: FLOWER | B1: EVERYDAY | C1: VALENTINE'S DAY | D1: EASTER | E1: MOTHER'S DAY | F1: FALL COLORS | G1: XMAS COLORS
A2: ALSTROEMERIA Fancy | B2: 0.176 | C2: 0.212 | D2: 0.2014 | E2: 0.2014 | F2: 0.2014 | G2: 0.2014
A3: ALSTROEMERIA Premium | B3: 0.242 | C3: 0.2756 | D3: 0.265 | E3: 0.265 | F3: 0.265 | G3: 0.265
A4: ALSTROEMERIA Select | B4: 0.198 | C4: 0.2332 | D4: 0.2226 | E4: 0.2226 | F4: 0.2226 | G4: 0.2226 | J4: BOUQUET
A5: AMMI MAJUS | B5: 0.462 | C5: 0.477 | D5: 0.4664 | E5: 0.4664 | F5: 0.4664 | G5: 0.4664 | J5: CB
A6: ARALIA | B6: 0.165 | C6: 0.159 | D6: 0.159 | E6: 0.159 | F6: 0.159 | G6: 0.159
A7: ASPIDISTRA | B7: 0.165 | C7: 0.159 | D7: 0.159 | E7: 0.159 | F7: 0.159 | G7: 0.159
A8: ASTER | B8: 0.242 | C8: 0.265 | D8: 0.2332 | E8: 0.2544 | F8: 0.2332 | G8: 0.2332
A9: BONBON_DISBUD | B9: 0.275 | C9: 0.2862 | D9: 0.265 | E9: 0.2862 | F9: 0.265 | G9: 0.265
A10: BUTTON | B10: 0.204 | C10: 0.1961 | D10: 0.1961 | E10: 0.1961 | F10: 0.1961 | G10: 0.1961
A11: CARNATION | B11: 0.193 | C11: 0.2332 | D11: 0.2226 | E11: 0.2332 | F11: 0.2173 | G11: 0.2173
A12: CARTHAMUS | B12: 0.33 | C12: 0.318 | D12: 0.318 | E12: 0.318 | F12: 0.318 | G12: 0.318
A13: COCCULOS | B13: 0.165 | C13: 0.159 | D13: 0.159 | E13: 0.159 | F13: 0.159 | G13: 0.159
A14: CORDYLINE | B14: 0.176 | C14: 0.1696 | D14: 0.1696 | E14: 0.1696 | F14: 0.1696 | G14: 0.1696
A15: CRASPEDIA | B15: 0.22 | C15: 0.212 | D15: 0.212 | E15: 0.212 | F15: 0.212 | G15: 0.212
A16: CRASSULA | B16: 0.88 | C16: 0.848 | D16: 0.848 | E16: 0.848 | F16: 0.848 | G16: 0.848
A17: CREMON | B17: 0.275 | C17: 0.2862 | D17: 0.265 | E17: 0.2862 | F17: 0.265 | G17: 0.265
... A21: DELPHINIUM | B21: 0.33 | C21: 0.318 | D21: 0.318 | E21: 0.318 | F21: 0.2862 | G21: 0.2862
A22: DIANTHUS | B22: 0.308 | C22: 0.2968 | D22: 0.2862 | E22: 0.2968 | F22: 0.265 | G22: 0.265 | J22: SUM($C15/VLOOKUP(D15,PACK!A:B,2,FALSE))
A23: DIANTHUS - GREEN BALL | B23: 0.308 | C23: 0.2968 | D23: 0.318 | E23: 0.2968 | F23: 0.2968 | G23: 0.3286
A24: DIANTHUS - SOLOMIO | B24: 0.308 | C24: 0.318 | D24: 0.2968 | E24: 0.318 | F24: 0.2968 | G24: 0.2968
A25: ERYNGIUM | B25: 0.33 | C25: 0.318 | D25: 0.318 | E25: 0.318 | F25: 0.318 | G25: 0.318
A26: EUCALIPTUS | B26: 0.198 | C26: 0.1908 | D26: 0.1908 | E26: 0.1908 | F26: 0.1908 | G26: 0.1908
A27: EUCALIPTUS SEEDED | B27: 0.385 | C27: 0.371 | D27: 0.371 | E27: 0.371 | F27: 0.371 | G27: 0.371
A28: EUCALIPTUS SILVER DOLLAR | B28: 0.275 | C28: 0.265 | D28: 0.265 | E28: 0.265 | F28: 0.265 | G28: 0.265
A29: GARDEN ROSES | B29: 0.715 | C29: 1.06 | D29: 0.795 | E29: 0.901 | F29: 0.795 | G29: 0.795
A30: GERBERA | B30: 0.308 | C30: 0.477 | D30: 0.424 | E30: 0.477 | F30: 0.477 | G30: 0.477
A31: GYPSOPHILA | B31: 0.308 | C31: 0.3392 | D31: 0.2968 | E31: 0.2968 | F31: 0.2968 | G31: 0.318
A32: HYDRANGEA | B32: 0.605 | C32: 0.65 | D32: 0.6 | E32: 0.6 | F32: 0.55 | G32: 0.55
A33: HYDRANGEA Antique | B33: 1.1 | C33: 0.901 | D33: 0.742 | E33: 0.901 | F33: 0.636 | G33: 0.636
A34: HYPERYCUM | B34: 0.308 | C34: 0.2968 | D34: 0.2968 | E34: 0.2968 | F34: 0.2968 | G34: 0.2968
... A73: VIBURNUM | B73: 0.165 | C73: 0.159 | D73: 0.159 | E73: 0.159 | F73: 0.159 | G73: 0.159

Sheet Sheet3
B1: Flower | C1: hsfdhs
B2: ALSTROEMERIA Fancy | C2: 450
B3: ALSTROEMERIA Premium | C3: 450
B4: ALSTROEMERIA Select | C4: 450
B5: AMMI MAJUS | C5: 240
B6: ARALIA | C6: 500
B7: ASPIDISTRA | C7: 600
B8: ASTER | C8: 450
B9: ASTRANTIAS | C9: 600
B10: BONBON_DISBUD | C10: 400
B11: BRASSICAS | C11: 80
B12: BUTTON | C12: 400
B13: CALLAS | C13: 100
... B85: VIBURNUM | C85: 300

Sheet FLOWER RELATION
A1: COST | B1: PACK | C1: FLOWER LIST | D1: COST | E1: PACK | F1: FILTER
A2: Alstroemeria | B2: Alstromelias A | C2: ALSTROEMERIA | D2: Alstroemeria | E2: Alstromelias A | F2: =IF(AND(A2<>"",B2<>"",C2<>""),"OK","XXX") -> OK
A3: Greens | B3: Aralias | C3: ARALIA | D3: Greens | E3: Aralias | F3: =IF(AND(A3<>"",B3<>"",C3<>""),"OK","XXX") -> OK
A4: Greens | C4: ARECA | D4: Greens | F4: =IF(AND(A4<>"",B4<>"",C4<>""),"OK","XXX") -> XXX
A5: Greens | B5: ASPIDISTRA | C5: ASPIDISTRA | D5: Greens | E5: ASPIDISTRA | F5: =IF(AND(A5<>"",B5<>"",C5<>""),"OK","XXX") -> OK
A6: Aster | B6: Asters | C6: ASTER | D6: Aster | E6: Asters | F6: =IF(AND(A6<>"",B6<>"",C6<>""),"OK","XXX") -> OK
A7: Greens | C7: BOXWOOD | D7: Greens | F7: =IF(AND(A7<>"",B7<>"",C7<>""),"OK","XXX") -> XXX
A8: Calla Lily (Std) | B8: Callas | C8: CALLAS | D8: Calla Lily (Std) | E8: Callas | F8: =IF(AND(A8<>"",B8<>"",C8<>""),"OK","XXX") -> OK
B9: Minicallas | E9: Minicallas | F9: =IF(AND(A9<>"",B9<>"",C9<>""),"OK","XXX") -> XXX
A10: Carnations | B10: Carnations | C10: CARNATION | D10: Carnations | E10: Carnations | F10: =IF(AND(A10<>"",B10<>"",C10<>""),"OK","XXX") -> OK
C11: CARTHAMUS | F11: =IF(AND(A11<>"",B11<>"",C11<>""),"OK","XXX") -> XXX
A12: Greens | B12: CEDAR | C12: CEDAR | D12: Greens | E12: CEDAR | F12: =IF(AND(A12<>"",B12<>"",C12<>""),"OK","XXX") -> OK
A13: Greens | B13: Cocculos | C13: COCCULOS | D13: Greens | E13: Cocculos | F13: =IF(AND(A13<>"",B13<>"",C13<>""),"OK","XXX") -> OK
A14: Greens | B14: CORDYLINE | C14: CORDYLINE | D14: Greens | E14: CORDYLINE | F14: =IF(AND(A14<>"",B14<>"",C14<>""),"OK","XXX") -> OK
A15: Greens | B15: Crotos | C15: CROTTON | D15: Greens | E15: Crotos | F15: =IF(AND(A15<>"",B15<>"",C15<>""),"OK","XXX") -> OK
A16: Greens | C16: CUPRESSUS | D16: Greens | F16: =IF(AND(A16<>"",B16<>"",C16<>""),"OK","XXX") -> XXX
A17: Greens | C17: CYPRES | D17: Greens | F17: =IF(AND(A17<>"",B17<>"",C17<>""),"OK","XXX") -> XXX
A18: Greens | B18: Eucaliptus | C18: EUCALIPTUS | D18: Greens | E18: Eucaliptus | F18: =IF(AND(A18<>"",B18<>"",C18<>""),"OK","XXX") -> OK
A19: Dianthus - Amazon | B19: Dianthus - Amazon | C19: DIANTHUS | D19: Dianthus - Amazon | E19: Dianthus - Amazon | F19: =IF(AND(A19<>"",B19<>"",C19<>""),"OK","XXX") -> OK
A20: Dianthus - Green Ball | B20: Dianthus - Green Ball | C20: DIANTHUS - GREEN BALL | D20: Dianthus - Green Ball | E20: Dianthus - Green Ball | F20: =IF(AND(A20<>"",B20<>"",C20<>""),"OK","XXX") -> OK
A21: Eryngium | B21: Eryngiums | C21: ERYNGIUM | D21: Eryngium | E21: Eryngiums | F21: =IF(AND(A21<>"",B21<>"",C21<>""),"OK","XXX") -> OK | H21: Tinted Eryngium | I21: Tinted & Glittered Eryngium
A22: STAR OF BETHELEHEM | B22: Estrellas de Belen | C22: STAR OF BETHELEHEM | D22: STAR OF BETHELEHEM | E22: Estrellas de Belen | F22: =IF(AND(A22<>"",B22<>"",C22<>""),"OK","XXX") -> OK
A23: Garden Roses | B23: Rosas Garden | C23: GARDEN ROSES | D23: Garden Roses | E23: Rosas Garden | F23: =IF(AND(A23<>"",B23<>"",C23<>""),"OK","XXX") -> OK
A24: Gerbera | B24: Gerberas A | C24: GERBERA | D24: Gerbera | E24: Gerberas A | F24: =IF(AND(A24<>"",B24<>"",C24<>""),"OK","XXX") -> OK
A25: Gerondo | B25: Gerondos | C25: GERBERA GERONDO | D25: Gerondo | E25: Gerondos | F25: =IF(AND(A25<>"",B25<>"",C25<>""),"OK","XXX") -> OK
C26: GERBERA PICCOLIN | F26: =IF(AND(A26<>"",B26<>"",C26<>""),"OK","XXX") -> XXX
C27: GERBERA SPIDER | F27: =IF(AND(A27<>"",B27<>"",C27<>""),"OK","XXX") -> XXX
A28: Greens | D28: Greens | F28: =IF(AND(A28<>"",B28<>"",C28<>""),"OK","XXX") -> XXX
A29: Greens Upscale | D29: Greens Upscale | F29: =IF(AND(A29<>"",B29<>"",C29<>""),"OK","XXX") -> XXX
A30: Greens | B30: Grevilleas | C30: GREVILLEAS | D30: Greens | E30: Grevilleas | F30: =IF(AND(A30<>"",B30<>"",C30<>""),"OK","XXX") -> OK
A31: Gyp | B31: Gypsophilias | C31: GYPSOPHILA | D31: Gyp | E31: Gypsophilias | F31: =IF(AND(A31<>"",B31<>"",C31<>""),"OK","XXX") -> OK
B32: Million Star | E32: Million Star | F32: =IF(AND(A32<>"",B32<>"",C32<>""),"OK","XXX") -> XXX
A33: Hydrangea Select | B33: Hydrangeas | C33: HYDRANGEA | D33: Hydrangea Select | E33: Hydrangeas | F33: =IF(AND(A33<>"",B33<>"",C33<>""),"OK","XXX") -> OK
B34: Hydrangeas Jumbo | E34: Hydrangeas Jumbo | F34: =IF(AND(A34<>"",B34<>"",C34<>""),"OK","XXX") -> XXX
A35: Hypericum | B35: Hypericums | C35: HYPERYCUM | D35: Hypericum | E35: Hypericums | F35: =IF(AND(A35<>"",B35<>"",C35<>""),"OK","XXX") -> OK
A36: Kale | B36: Kales | C36: BRASSICAS | D36: Kale | E36: Kales | F36: =IF(AND(A36<>"",B36<>"",C36<>""),"OK","XXX") -> OK
A37: Greens | B37: Leatherleafs | C37: LEATHER LEAF | D37: Greens | E37: Leatherleafs | F37: =IF(AND(A37<>"",B37<>"",C37<>""),"OK","XXX") -> OK
A38: Leucadendron | B38: Leucadendrons | C38: LEUCADENDRON | D38: Leucadendron | E38: Leucadendrons | F38: =IF(AND(A38<>"",B38<>"",C38<>""),"OK","XXX") -> OK
A39: Greens | B39: LILLY GRASS | C39: LILLY GRASS | D39: Greens | E39: LILLY GRASS | F39: =IF(AND(A39<>"",B39<>"",C39<>""),"OK","XXX") -> OK
A40: Greens | C40: LIGUSTRUM | D40: Greens | F40: =IF(AND(A40<>"",B40<>"",C40<>""),"OK","XXX") -> XXX
A41: Limonium | B41: Limonium | C41: LIMONIUM | D41: Limonium | E41: Limonium | F41: =IF(AND(A41<>"",B41<>"",C41<>""),"OK","XXX") -> OK
C42: LIRIOS | F42: =IF(AND(A42<>"",B42<>"",C42<>""),"OK","XXX") -> XXX
A43: Asiatic Lily | B43: Lirios Asiaticos | C43: ASIATIC | D43: Asiatic Lily | E43: Lirios Asiaticos | F43: =IF(AND(A43<>"",B43<>"",C43<>""),"OK","XXX") -> OK
A44: Oriental Lily | B44: Lirios Orientales | C44: ORIENTAL | D44: Oriental Lily | E44: Lirios Orientales | F44: =IF(AND(A44<>"",B44<>"",C44<>""),"OK","XXX") -> OK
A45: Matsumoto | B45: Matsumotos | C45: MATSUMOTO | D45: Matsumoto | E45: Matsumotos | F45: =IF(AND(A45<>"",B45<>"",C45<>""),"OK","XXX") -> OK
B46: Micropompones | C46: MICRO | E46: Micropompones | F46: =IF(AND(A46<>"",B46<>"",C46<>""),"OK","XXX") -> XXX
C47: MICRO DAISY | F47: =IF(AND(A47<>"",B47<>"",C47<>""),"OK","XXX") -> XXX
A48: Mums Spray | B48: Micropompones | C48: MICRO POMS | D48: Mums Spray | E48: Micropompones | F48: =IF(AND(A48<>"",B48<>"",C48<>""),"OK","XXX") -> OK
A49: Greens | C49: MING FERN | D49: Greens | F49: =IF(AND(A49<>"",B49<>"",C49<>""),"OK","XXX") -> XXX
C50: MINI GERBERAS | F50: =IF(AND(A50<>"",B50<>"",C50<>""),"OK","XXX") -> XXX
A51: Minicarnations | B51: Minicarnations | C51: MINICARNATION | D51: Minicarnations | E51: Minicarnations | F51: =IF(AND(A51<>"",B51<>"",C51<>""),"OK","XXX") -> OK
A52: Hydrangea Mini Green | B52: Minihydrangeas | C52: MINIHYDRANGEA | D52: Hydrangea Mini Green | E52: Minihydrangeas | F52: =IF(AND(A52<>"",B52<>"",C52<>""),"OK","XXX") -> OK
A53: Greens | C53: MIRTO | D53: Greens | F53: =IF(AND(A53<>"",B53<>"",C53<>""),"OK","XXX") -> XXX
A54: MOLUCELLA | B54: Molucellas | C54: MOLUCELLA | D54: MOLUCELLA | E54: Molucellas | F54: =IF(AND(A54<>"",B54<>"",C54<>""),"OK","XXX") -> OK
A55: Mums Disbudded | B55: Mums Cremon | C55: MUMS | D55: Mums Disbudded | E55: Mums Cremon | F55: =IF(AND(A55<>"",B55<>"",C55<>""),"OK","XXX") -> OK | H55: Tinted Mums
A56: Mums Spray | B56: Mums Spyder | C56: SPIDER | D56: Mums Spray | E56: Mums Spyder | F56: =IF(AND(A56<>"",B56<>"",C56<>""),"OK","XXX") -> OK | H56: Tinted Mums Spray
A57: Greens | B57: Palma Rovelina | D57: Greens | E57: Palma Rovelina | F57: =IF(AND(A57<>"",B57<>"",C57<>""),"OK","XXX") -> XXX
A58: Greens | C58: PANDANUS | D58: Greens | F58: =IF(AND(A58<>"",B58<>"",C58<>""),"OK","XXX") -> XXX
A59: Greens | C59: PAPYRUS | D59: Greens | F59: =IF(AND(A59<>"",B59<>"",C59<>""),"OK","XXX") -> XXX
A60: Greens | B60: PHOENIX ROEBELENII | C60: PHOENIX ROEBELENII | D60: Greens | E60: PHOENIX ROEBELENII | F60: =IF(AND(A60<>"",B60<>"",C60<>""),"OK","XXX") -> OK
A61: PHOTINIA | B61: Photinias | C61: PHOTINIA | D61: PHOTINIA | E61: Photinias | F61: =IF(AND(A61<>"",B61<>"",C61<>""),"OK","XXX") -> OK
A62: Greens | C62: PINE | D62: Greens | F62: =IF(AND(A62<>"",B62<>"",C62<>""),"OK","XXX") -> XXX
A63: Greens | B63: Pittosporum | C63: PITTOSPORUM | D63: Greens | E63: Pittosporum | F63: =IF(AND(A63<>"",B63<>"",C63<>""),"OK","XXX") -> OK
A64: Mums Spray | C64: POMPON | D64: Mums Spray | F64: =IF(AND(A64<>"",B64<>"",C64<>""),"OK","XXX") -> XXX
A65: Mums Spray | C65: CDN | D65: Mums Spray | F65: =IF(AND(A65<>"",B65<>"",C65<>""),"OK","XXX") -> XXX
A66: Mums Spray | B66: Pompoms Botton | C66: BUTTON | D66: Mums Spray | E66: Pompoms Botton | F66: =IF(AND(A66<>"",B66<>"",C66<>""),"OK","XXX") -> OK
A67: Mums Disbudded | B67: Pompoms Cremon | C67: CREMON | D67: Mums Disbudded | E67: Pompoms Cremon | F67: =IF(AND(A67<>"",B67<>"",C67<>""),"OK","XXX") -> OK
A68: Mums Spray | B68: Pompoms Cushion | C68: CUSHION | D68: Mums Spray | E68: Pompoms Cushion | F68: =IF(AND(A68<>"",B68<>"",C68<>""),"OK","XXX") -> OK
A69: Mums Spray | B69: Pompoms Daisy | C69: DAISY | D69: Mums Spray | E69: Pompoms Daisy | F69: =IF(AND(A69<>"",B69<>"",C69<>""),"OK","XXX") -> OK
A70: Mums Spray | B70: Pompoms Novelty | C70: NOVELTY | D70: Mums Spray | E70: Pompoms Novelty | F70: =IF(AND(A70<>"",B70<>"",C70<>""),"OK","XXX") -> OK
A71: Mums Spray | B71: Pompoms Santini | C71: SANTINI | D71: Mums Spray | E71: Pompoms Santini | F71: =IF(AND(A71<>"",B71<>"",C71<>""),"OK","XXX") -> OK
A72: Greens | C72: ROMERO | D72: Greens | F72: =IF(AND(A72<>"",B72<>"",C72<>""),"OK","XXX") -> XXX
A73: ROSE COLOMBIA | B73: Rosas B | C73: ROSES | D73: ROSE COLOMBIA | E73: Rosas B | F73: =IF(AND(A73<>"",B73<>"",C73<>""),"OK","XXX") -> OK
A74: Rose Red - 40 cm | B74: Rosas C | D74: Rose Red - 40 cm | E74: Rosas C | F74: =IF(AND(A74<>"",B74<>"",C74<>""),"OK","XXX") -> XXX
A75: Rose Red - 50 cm | B75: Rosas B | D75: Rose Red - 50 cm | E75: Rosas B | F75: =IF(AND(A75<>"",B75<>"",C75<>""),"OK","XXX") -> XXX
A76: Rose Red - 60 cm | B76: Rosas A | D76: Rose Red - 60 cm | E76: Rosas A | F76: =IF(AND(A76<>"",B76<>"",C76<>""),"OK","XXX") -> XXX
A77: Rose Color - 40 cm | B77: Rosas C | D77: Rose Color - 40 cm | E77: Rosas C | F77: =IF(AND(A77<>"",B77<>"",C77<>""),"OK","XXX") -> XXX
A78: Rose Color - 50 cm | B78: Rosas B | D78: Rose Color - 50 cm | E78: Rosas B | F78: =IF(AND(A78<>"",B78<>"",C78<>""),"OK","XXX") -> XXX
A79: Rose Color - 60 cm | B79: Rosas A | D79: Rose Color - 60 cm | E79: Rosas A | F79: =IF(AND(A79<>"",B79<>"",C79<>""),"OK","XXX") -> XXX
A80: RUSCUS | B80: Ruscus | C80: RUSCUS | D80: RUSCUS | E80: Ruscus | F80: =IF(AND(A80<>"",B80<>"",C80<>""),"OK","XXX") -> OK
A81: Greens | B81: SALAL | C81: SALAL | D81: Greens | E81: SALAL | F81: =IF(AND(A81<>"",B81<>"",C81<>""),"OK","XXX") -> OK
A82: SNAP DRAGON | B82: Snap Dragoons | C82: SNAP DRAGON | D82: SNAP DRAGON | E82: Snap Dragoons | F82: =IF(AND(A82<>"",B82<>"",C82<>""),"OK","XXX") -> OK
A83: Solidago | B83: Solidagos | C83: SOLIDAGO | D83: Solidago | E83: Solidagos | F83: =IF(AND(A83<>"",B83<>"",C83<>""),"OK","XXX") -> OK
A84: Spray Rose - 50 cm | B84: Spray roses B | C84: ROSES_SPRAY | D84: Spray Rose - 50 cm | E84: Spray roses B | F84: =IF(AND(A84<>"",B84<>"",C84<>""),"OK","XXX") -> OK
A85: Statice | B85: Statices | C85: STATICE | D85: Statice | E85: Statices | F85: =IF(AND(A85<>"",B85<>"",C85<>""),"OK","XXX") -> OK
A86: Stock Double | B86: Stocks | C86: STOCK_DOUBLE | D86: Stock Double | E86: Stocks | F86: =IF(AND(A86<>"",B86<>"",C86<>""),"OK","XXX") -> OK
A87: Stock Starlet | B87: Stocks | C87: STOCK_STARLET | D87: Stock Starlet | E87: Stocks | F87: =IF(AND(A87<>"",B87<>"",C87<>""),"OK","XXX") -> OK
A88: Sunflower | B88: Girasoles | C88: SUNFLOWER | D88: Sunflower | E88: Girasoles | F88: =IF(AND(A88<>"",B88<>"",C88<>""),"OK","XXX") -> OK
A89: Standard GreenS | D89: Standard Greens Tint or Glitter | F89: =IF(AND(A89<>"",B89<>"",C89<>""),"OK","XXX") -> XXX
A90: Standard Greens Tint or Glitter | D90: Standard Greens Tint or Glitter | F90: =IF(AND(A90<>"",B90<>"",C90<>""),"OK","XXX") -> XXX
A91: Standard Greens Tint & Glitter | D91: Standard Greens Tint & Glitter | F91: =IF(AND(A91<>"",B91<>"",C91<>""),"OK","XXX") -> XXX
C92: TRACHELIUM | F92: =IF(AND(A92<>"",B92<>"",C92<>""),"OK","XXX") -> XXX
A93: Greens | B93: TREE FERN | C93: TREE FERN | D93: Greens | E93: Triferns | F93: =IF(AND(A93<>"",B93<>"",C93<>""),"OK","XXX") -> OK
A94: Greens | B94: Vibornums | C94: VIBURNUM | D94: Greens | E94: Vibornums | F94: =IF(AND(A94<>"",B94<>"",C94<>""),"OK","XXX") -> OK

Sheet LIST
A1: CLEAR COLOR | B1: ESTE NOMBRE DE FLOR ES EL QUE SE UTILIZA PARA BUSCAR LOS CO-BIC-TNT-GLIT | I1: USA | J1: COL
A2: LISTA DE PRECIOS & LISTA DEL FLORES DEL VALIDADOR | B2: PACK/FULL | C2: NOMBRE LINKS | G2: BICOLOR | H2: TINTED | I2: GLITTERED
A3: ALSTROEMERIA Fancy | B3: 450 | C3: ALSTROEMERIA
A4: ALSTROEMERIA Premium | B4: 450 | C4: ARALIA
A5: ALSTROEMERIA Select | B5: 450 | C5: ASIATIC
A6: AMMI MAJUS | B6: 240 | C6: ASPIDISTRA
A7: ARALIA | B7: 500 | C7: ASTER
A8: ASPIDISTRA | B8: 600 | C8: BONBON_DISBUDS
A9: ASTER | B9: 450 | C9: BRASSICAS
A10: ASTRANTIAS | B10: 600 | C10: BUTTON
A11: BONBON_DISBUD | B11: 400 | C11: CALLAS
A12: BRASSICAS | B12: 80 | C12: MINICALLAS
A13: BUTTON | B13: 400 | C13: CARNATION
A14: CALLAS | B14: 100 | C14: CEDAR
... A61: POMPON | B61: 400 | C61: VIBURNUM
A62: RANUNCULUS | B62: 600
A63: RANUNCULUS BUTTERFLY | B63: 600
A64: Roses Color Roses 40 | B64: 400
A65: Roses Color Roses 50 | B65: 400
A66: Roses Color Roses 60 | B66: 400
A67: Roses Color Roses 70 | B67: 400
A68: Roses Red Roses 40 | B68: 400
A69: Roses Red Roses 50 | B69: 400
A70: Roses Red Roses 60 | B70: 400
A71: Roses Red Roses 70 | B71: 400
A72: RUSCUS | B72: 600
A73: SANTINI | B73: 400
... A86: VIBURNUM | B86: 300
A109: FB COST
A110: HOLIDAYS | B110: HOLIDAYS 2 | C110: COLOMBIA | D110: ECUADOR | E110: AFRICA
A111: EVERYDAY | B111: EVERYDAY | C111: 40.5 | D111: 50 | E111: 40
A112: VALENTINE'S DAY | B112: VALENTINE DAY | C112: 47.5 | D112: 62 | E112: 40
A113: EASTER | B113: EASTER | C113: 40.5 | D113: 50 | E113: 40
A114: MOTHER'S DAY | B114: MOTHER'S | C114: 47.5 | D114: 62 | E114: 40
A115: FALL COLORS | B115: FALL | C115: 40.5 | D115: 50 | E115: 40
A116: XMAS COLORS | B116: XMAS | C116: 40.5 | D116: 50 | E116: 40
A120: TRANSFER | B120: TRANSF COST | C120: TR_COST_FB
A121: MIA | B121: 0 | C121: =B121/(26*20) -> 0
A122: NJ | B122: 2500 | C122: =B122/(26*20) -> 4.8076923
A123: CH | B123: 2500 | C123: =B123/(26*20) -> 4.8076923
A124: LAX | B124: 3900 | C124: =B124/(26*20) -> 7.5
A125: TX | B125: 2700 | C125: =B125/(26*20) -> 5.1923077
A126: WA | B126: 5300 | C126: =B126/(26*20) -> 10.192308
A129: CASES | B129: TYPE | C129: DIMENTIONS | D129: CUFT | E129: COST | F129: FACTOR FB | G129: BX/PALLET | H129: Buckt, water, tape, linner
A130: WET MAXI CUBE (LOGO) | B130: WP - REG | C130: 12x14x26 | D130: 2.5277778 | E130: 1.2 | F130: 3 | G130: 36 | H130: 0.87 | I130: =E130+H130 -> 2.07 | J130: 2.07 | K130: 1.2 | L130: =J130-K130 -> 0.87
A131: WET K | B131: WP - REG | C131: 13x15x27 | D131: 3.046875 | E131: 1.2 | F131: 3 | G131: 27 | H131: 1.05 | I131: =E131+H131 -> 2.25 | J131: 2.25 | K131: 1.2 | L131: =J131-K131 -> 1.05
A132: WET XTALL | B132: WP - REG | C132: 12x14x32 | D132: 3.1111111 | E132: 1.21 | F132: 3 | G132: 24 | H132: 1.88 | I132: =E132+H132 -> 3.09
A133: WET WALMART PROMO SINGLE DISPLAY | B133: WP - REG | C133: 16x13x25 | D133: 3.0092593 | E133: 1.2 | F133: 3 | G133: 27 | H133: 1.41 | I133: =E133+H133 -> 2.61 | J133: 2.61 | K133: 1.2 | L133: =J133-K133 -> 1.41
A134: WET WALMART SINGLE | B134: WP - REG | C134: 12x10x23 | D134: 1.5972222 | E134: 0.7 | F134: 3 | G134: 48 | H134: 1.88 | I134: =E134+H134 -> 2.58 | K134: 0.7
A135: WET WALMART DOUBLE | B135: WP - DOUBLE | C135: 20x12x25 | D135: 3.4722222 | E135: 2.3 | F135: 3 | G135: 24 | H135: 1.96 | I135: =E135+H135 -> 4.26 | J135: 4.26 | K135: 2.3 | L135: =J135-K135 -> 1.96
A136: WET P | B136: WP - REG | C136: 25x13x25 | D136: 4.7019676 | E136: 1.45 | F136: 3 | G136: 18 | H136: 1.85 | I136: =E136+H136 -> 3.3 | J136: 3.3 | K136: 1.45 | L136: =J136-K136 -> 1.85
A137: WET - ARR - DROP IN | B137: ARR - DROP IN | C137: 23x18x19 | D137: 4.5520833 | E137: 1.965 | F137: 4.5 | G137: 16 | H137: 0 | I137: =E137+H137 -> 1.965
A138: WET ARR LARGE | B138: ARR - LARGE | C138: 23x18x19 | D138: 4.5520833 | E138: 1.965 | F138: 4.5 | G138: 16 | H138: 0 | I138: =E138+H138 -> 1.965
A139: WET CORNUCOPIA | B139: ARR CORNUCOPIA | C139: 28x19x17 | D139: 5.2337963 | E139: 1.782 | F139: 4.5 | G139: 15 | H139: 0 | I139: =E139+H139 -> 1.782
A140: PALLET SHIPPER X9 | B140: PALLET SHIPPER | C140: 48x40x24 | D140: 26.666667 | E140: 24 | F140: 0.5 | G140: 3 | H140: 12.68 | I140: =E140+H140 -> 36.68 | J140: 36.68 | K140: 24 | L140: =J140-K140 -> 12.68
A141: SINGLE BUCKET | B141: CUBE | C141: - | D141: 2.5277778 | E141: 0 | F141: 3 | G141: 30 | H141: 1.88 | I141: =E141+H141 -> 1.88
A145: DP FB RELATION | B145: DIMENTIONS | C145: factor_fb | D145: cubic_feet | E145: costo caja | F145: PACK TYPE | G145: CASES PER PALLET
A146: FULL | B146: 40x20x8 | C146: 1 | D146: 3.7037037 | E146: 2.1084211 | F146: DP | G146: 18
A147: HALF ELITE | B147: 40x10x8 | C147: 2 | D147: 1.8518519 | E147: 1.8710526 | F147: DP | G147: 50
A148: HALF SAFEWAY (18st) | B148: 35x11x11 | C148: 2 | D148: 2.4508102 | E148: 2.1052632 | F148: DP | G148: 40
A149: HALF RUSA (.5) | B149: 42x12x11 | C149: 2 | D149: 3.2083333 | E149: 3.7 | F149: DP | G149: 28
A150: THIRD | B150: 39x7x10 | C150: 3 | D150: =(39*7*10)/1728 -> 1.5798611 | E150: 1.2878947 | F150: DP | G150: 54
A151: QUARTER | B151: 40x10x4 | C151: 4 | D151: 0.92592593 | E151: 0.94736842 | F151: DP | G151: 76
A152: Q - GERB (72St) | B152: 42x11x6 | C152: 4 | D152: 1.6041667 | E152: 1.4336842 | F152: DP | G152: 48
A153: Q - GERB (100St) | B153: 38x11x7 | C153: 4 | D153: 1.693287 | E153: 1.5584211 | F153: DP | G153: 48
A154: FIFTH | B154: 42x4x10 | C154: 5 | D154: 0.97222222 | E154: 0.76578947 | F154: DP | G154: 80
A155: EIGHT | B155: 41x5x4 | C155: 8 | D155: 0.47453704 | E155: 0.61684211 | F155: DP | G155: 140
A158: ORIGEN
A159: COLOMBIA
A160: ECUADOR
A161: AFRICA
A163: PROCESS_TYPE
A164: WP - REG | B164: WP_REG | C164: WP
A165: WP - DOUBLE | B165: WP_DOUBLE | C165: WP
A166: ARR - FOAM | B166: ARR_FOAM | C166: ARR
A167: ARR - DROP IN MANUAL | B167: ARR_DROP_IN_MANUAL | C167: ARR
A168: ARR - DROP IN MACHINE | B168: ARR_DROP_IN_MACHINE | C168: ARR
A169: WP - PALLET SHIPPER | B169: PALLET_SHIPPER | C169: WP
A172: WP_REG | B172: WP_DOUBLE | C172: ARR_FOAM | D172: ARR_DROP_IN_MANUAL | E172: ARR_DROP_IN_MACHINE | F172: PALLET_SHIPPER
A173: WET MAXI CUBE (LOGO) | B173: WET WALMART DOUBLE | C173: WET ARR LARGE | D173: WET K | E173: WET K | F173: PALLET SHIPPER X9
A174: WET K | C174: WET CORNUCOPIA | D174: WET MAXI CUBE (LOGO) | E174: WET MAXI CUBE (LOGO)
A175: WET XTALL | D175: WET R | E175: WET R
A176: WET WALMART PROMO SINGLE DISPLAY | D176: PALLET SHIPPER X9 | E176: PALLET SHIPPER X9
A177: WET WALMART SINGLE
A178: WET P
A179: SINGLE BUCKET
A182: WET PACK LABOR COST | B182: WAREHOUSE | C182: Wet Pack Cost | D182: EVERYDAY | E182: ST. PATRICK | F182: VALENTINE'S DAY | G182: EASTER | H182: MOTHER'S DAY | I182: FALL COLORS | J182: XMAS COLORS
A183: =B183&" _ "&C183 -> MIA _ WP - REG | B183: MIA | C183: WP - REG | D183: 7.5 | E183: 7.5 | F183: 9.5 | G183: 7.5 | H183: 9.5 | I183: 7.5 | J183: 7.5
A184: =B184&" _ "&C184 -> MIA _ WP - DOUBLE | B184: MIA | C184: WP - DOUBLE | D184: 8 | E184: 8 | F184: 10 | G184: 8 | H184: 10 | I184: 8 | J184: 8
A185: =B185&" _ "&C185 -> MIA _ ARR - FOAM | B185: MIA | C185: ARR - FOAM | D185: 3 | E185: 3 | F185: 3 | G185: 3 | H185: 3 | I185: 3 | J185: 3 | K185: COSTO POR RAMO
A186: =B186&" _ "&C186 -> MIA _ ARR - DROP IN MANUAL | B186: MIA | C186: ARR - DROP IN MANUAL | D186: 0.75 | E186: 0.75 | F186: 0.75 | G186: 0.75 | H186: 0.75 | I186: 0.75 | J186: 0.75 | K186: COSTO POR RAMO
A187: =B187&" _ "&C187 -> MIA _ ARR - DROP IN MACHINE | B187: MIA | C187: ARR - DROP IN MACHINE | D187: 0.45 | E187: 0.45 | F187: 0.45 | G187: 0.45 | H187: 0.45 | I187: 0.45 | J187: 0.45 | K187: COSTO POR RAMO
A188: =B188&" _ "&C188 -> MIA _ WP - PALLET SHIPPER | B188: MIA | C188: WP - PALLET SHIPPER | D188: 9.5 | E188: 9.5 | F188: 11.5 | G188: 9.5 | H188: 11.5 | I188: 9.5 | J188: 9.5
A189: =B189&" _ "&C189 -> NJ _ WP - REG | B189: NJ | C189: WP - REG | D189: 7.5 | E189: 7.5 | F189: 9.5 | G189: 7.5 | H189: 9.5 | I189: 7.5 | J189: 7.5
A190: =B190&" _ "&C190 -> NJ _ WP - DOUBLE | B190: NJ | C190: WP - DOUBLE | D190: 8 | E190: 8 | F190: 10 | G190: 8 | H190: 10 | I190: 8 | J190: 8
A191: =B191&" _ "&C191 -> NJ _ ARR - FOAM | B191: NJ | C191: ARR - FOAM | D191: 3 | E191: 3 | F191: 3 | G191: 3 | H191: 3 | I191: 3 | J191: 3 | K191: COSTO POR RAMO
A192: =B192&" _ "&C192 -> NJ _ ARR - DROP IN MANUAL | B192: NJ | C192: ARR - DROP IN MANUAL | D192: 0.75 | E192: 0.75 | F192: 0.75 | G192: 0.75 | H192: 0.75 | I192: 0.75 | J192: 0.75 | K192: COSTO POR RAMO
A193: =B193&" _ "&C193 -> NJ _ ARR - DROP IN MACHINE | B193: NJ | C193: ARR - DROP IN MACHINE | D193: 0.45 | E193: 0.45 | F193: 0.45 | G193: 0.45 | H193: 0.45 | I193: 0.45 | J193: 0.45 | K193: COSTO POR RAMO
A194: =B194&" _ "&C194 -> NJ _ WP - PALLET SHIPPER | B194: NJ | C194: WP - PALLET SHIPPER | D194: 83 | E194: 83 | F194: 83 | G194: 83 | H194: 83 | I194: 83 | J194: 83
A195: =B195&" _ "&C195 -> CH _ WP - REG | B195: CH | C195: WP - REG | D195: 7.5 | E195: 7.5 | F195: 9.5 | G195: 7.5 | H195: 9.5 | I195: 7.5 | J195: 7.5
...

Sheet CUST LIST
A1: CUST_LIST
A2: NEW CUSTOMER
A3: OPEN DESIGN
A4: 365 BY WHOLE FOODS
A5: ABTFW ASSOCIATED WHOLESALE GROCERS
A6: AHOLD
A7: ALBERTSON'S IRVINE
A8: ALBERTSON'S JEWEL
A9: ALBERTSON'S LANCASTER
A10: ALBERTSON'S NEWELL & CO
A11: ALBERTSON'S PHOENIX
A12: ALBERTSON'S PORTLAND
... A52: WINN DIXIE

Sheet PRICES USA
C1: FLOWER | D1: FLOWER | E1: EVERYDAY | F1: VALENTINE DAY | G1: OTHER HOLIDAYS
C2: AGAPANTHUS | D2: AGAPANTHUS | E2: 1 | F2: 2 | G2: 1
C3: ALSTROEMERIA | D3: ALSTROEMERIA | E3: 1 | F3: 2 | G3: 1
C4: ARRELLIA | D4: ARRELLIA | E4: 1 | F4: 2 | G4: 1
C5: ASTER BUTTER | D5: ASTER BUTTER | E5: 1 | F5: 2 | G5: 1
C6: ASTER KRALLEN | D6: ASTER KRALLEN | E6: 1 | F6: 2 | G6: 1
C7: BELLS OF IRELAND | D7: BELLS OF IRELAND | E7: 1 | F7: 2 | G7: 1
C8: BOUVARDIA | D8: BOUVARDIA | E8: 1 | F8: 2 | G8: 1
C9: CALLA | D9: CALLA | E9: 1 | F9: 2 | G9: 1
C10: CAMPANULAS | D10: CAMPANULAS | E10: 1 | F10: 2 | G10: 1
C11: CARNATION | D11: CARNATION | E11: 1 | F11: 2 | G11: 1
C12: CARTHAMUS | D12: CARTHAMUS | E12: 1 | F12: 2 | G12: 1
C13: CEDAR | D13: CEDAR | E13: 1 | F13: 2 | G13: 1
... C67: VIBORNUM | D67: VIBORNUM | E67: 1 | F67: 2 | G67: 1

Sheet PACK
A1: Flower | B1: Full/Pack
A3: ALSTROEMERIA Fancy | B3: 450
A4: ALSTROEMERIA Premium | B4: 450
A5: ALSTROEMERIA Select | B5: 450
A6: AMMI MAJUS | B6: 240
A7: ARALIA | B7: 500
A8: ASPIDISTRA | B8: 600
A9: ASTER | B9: 450
A10: ASTRANTIAS | B10: 600
A11: BONBON_DISBUD | B11: 400
A12: BRASSICAS | B12: 80
A13: BUTTON | B13: 400
A14: CALLAS | B14: 100
... A57: ORNITOGALUM | B57: 450
A58: PHOENIX ROEBELENII | B58: 600 | D58: 300 | E58: 360
A59: PHOTINIA | B59: 600
A60: PITTOSPORUM | B60: 400
A61: POMPON | B61: 400
A62: RANUNCULUS | B62: 600
A63: RANUNCULUS BUTTERFLY | B63: 600
A64: Roses Color Roses 40 | B64: 400
A65: Roses Color Roses 50 | B65: 400
A66: Roses Color Roses 60 | B66: 400
A67: Roses Color Roses 70 | B67: 400
A68: Roses Red Roses 40 | B68: 400
A69: Roses Red Roses 50 | B69: 400
A70: Roses Red Roses 60 | B70: 400
... A86: VIBURNUM | B86: 300

Sheet DBCost
A1: Product | B1: Origen | C1: Color | D1: Grado | E1: EVERYDAY | F1: VALENTINE'S DAY | G1: EASTER | H1: MOTHER'S DAY | I1: FALL COLORS | J1: XMAS COLORS
A2: AGAPANTHUS
A3: ALSTROEMERIA | E3: 0.3 | F3: 0.35 | G3: 0.32 | H3: 0.32 | I3: 0.32 | J3: 0.32
A4: ALSTROEMERIA | C4: TINTED | E4: 9999 | F4: 9999 | G4: 9999 | H4: 9999 | I4: 9999 | J4: 9999
A5: ARALIA | E5: 0.25 | F5: 0.25 | G5: 0.25 | H5: 0.25 | I5: 0.25 | J5: 0.25
A6: ASIATIC | E6: 0.85 | F6: 1 | G6: 0.9 | H6: 0.9 | I6: 0.9 | J6: 0.9
A7: ASPIDISTRA | E7: 0.25 | F7: 0.25 | G7: 0.25 | H7: 0.25 | I7: 0.25 | J7: 0.25
A8: ASTER | E8: 0.38 | F8: 0.45 | G8: 0.425 | H8: 0.425 | I8: 0.425 | J8: 0.425
A9: BRASSICAS | E9: 0.6 | F9: 0.7 | G9: 0.7 | H9: 0.7 | I9: 0.7 | J9: 0.7
A10: BRASSICAS | C10: GLITTERED | E10: 9999 | F10: 9999 | G10: 9999 | H10: 9999 | I10: 9999 | J10: 9999
A11: BUTTON | E11: 0.28 | F11: 0.33 | G11: 0.31 | H11: 0.31 | I11: 0.31 | J11: 0.31
A12: BUTTON | C12: TINTED | E12: 0.3 | F12: 0.35 | G12: 0.33 | H12: 0.33 | I12: 0.33 | J12: 0.33
A13: CALLAS | E13: 0.8 | F13: 0.9 | G13: 0.85 | H13: 0.85 | I13: 0.85 | J13: 0.85
A14: CAMPANULLA | E14: 0.4 | F14: 0.45 | G14: 0.45 | H14: 0.45 | I14: 0.45 | J14: 0.45
A15: CARNATION | E15: 0.3 | F15: 0.35 | G15: 0.32 | H15: 0.32 | I15: 0.32 | J15: 0.32
A16: CARNATION | C16: TINTED | E16: 9999 | F16: 9999 | G16: 9999 | H16: 9999 | I16: 9999 | J16: 9999
A17: CARTHAMUS | I17: 0.4
A18: CEDAR | E18: 0.25 | F18: 0.3 | G18: 0.25 | H18: 0.25 | I18: 0.25 | J18: 0.25
A19: CEDAR | C19: TINTED OR GLITTERED | E19: 0.27 | F19: 0.32 | G19: 0.27 | H19: 0.27 | I19: 0.27 | J19: 0.27
A20: CEDAR | C20: TINTED & GLITTERED | E20: 0.28 | F20: 0.33 | G20: 0.28 | H20: 0.28 | I20: 0.28 | J20: 0.28
A21: COCCULOS | E21: 0.25 | F21: 0.3 | G21: 0.25 | H21: 0.25 | I21: 0.25 | J21: 0.25
A22: COCCULOS | C22: TINTED OR GLITTERED | E22: 0.27 | F22: 0.32 | G22: 0.27 | H22: 0.27 | I22: 0.27 | J22: 0.27
A23: COCCULOS | C23: TINTED & GLITTERED | E23: 9999 | F23: 9999 | G23: 9999 | H23: 9999 | I23: 9999 | J23: 9999
A24: CORDYLINE | E24: 0.25 | F24: 0.25 | G24: 0.25 | H24: 0.25 | I24: 0.25 | J24: 0.25
A25: CREMON | E25: 0.35 | F25: 0.37 | G25: 0.37 | H25: 0.37 | I25: 0.37 | J25: 0.37
A26: CREMON | C26: TINTED | E26: 0.38 | F26: 0.4 | G26: 0.4 | H26: 0.4 | I26: 0.4 | J26: 0.4
A27: CREMON | C27: GLITTERED | E27: 9999 | F27: 9999 | G27: 9999 | H27: 9999 | I27: 9999 | J27: 9999
A28: CROTTON | E28: 0.25 | F28: 0.25 | G28: 0.25 | H28: 0.25 | I28: 0.25 | J28: 0.25
A29: CUPRESSUS | C29: TINTED | E29: 9999 | F29: 9999 | G29: 9999 | H29: 9999 | I29: 9999 | J29: 9999
A30: CUPRESSUS | C30: GLITTERED | E30: 9999 | F30: 9999 | G30: 9999 | H30: 9999 | I30: 9999 | J30: 9999
A31: CUSHION | E31: 0.28 | F31: 0.33 | G31: 0.31 | H31: 0.31 | I31: 0.31 | J31: 0.31
A32: CUSHION | C32: TINTED | E32: 0.3 | F32: 0.35 | G32: 0.33 | H32: 0.33 | I32: 0.33 | J32: 0.33
A33: CUSHION | C33: GLITTERED | E33: 0.3 | F33: 0.35 | G33: 0.33 | H33: 0.33 | I33: 0.33 | J33: 0.33
A34: CUSHION | C34: TINTED & GLITTERED | E34: 9999 | F34: 9999 | G34: 9999 | H34: 9999 | I34: 9999 | J34: 9999
A35: DAISY | E35: 0.28 | F35: 0.33 | G35: 0.31 | H35: 0.31 | I35: 0.31 | J35: 0.31
A36: DAISY | C36: TINTED | E36: 0.3 | F36: 0.35 | G36: 0.33 | H36: 0.33 | I36: 0.33 | J36: 0.33
A37: DAISY | C37: GLITTERED | E37: 0.3 | F37: 0.35 | G37: 0.33 | H37: 0.33 | I37: 0.33 | J37: 0.33
A38: DAISY | C38: TINTED & GLITTERED | E38: 9999 | F38: 9999 | G38: 9999 | H38: 9999 | I38: 9999 | J38: 9999
A39: DIANTHUS | E39: 0.38 | F39: 0.43 | G39: 0.4 | H39: 0.4 | I39: 0.4 | J39: 0.4
A40: DIANTHUS - GREEN BALL | E40: 0.38 | F40: 0.43 | G40: 0.4 | H40: 0.4 | I40: 0.4 | J40: 0.4
A41: ERYNGIUM | E41: 0.4 | F41: 0.5 | G41: 0.45 | H41: 0.45 | I41: 0.45 | J41: 0.45
A42: ERYNGIUM | C42: TINTED | E42: 0.45 | F42: 0.55 | G42: 0.5 | H42: 0.5 | I42: 0.5 | J42: 0.5
A43: ERYNGIUM | C43: GLITTERED | E43: 9999 | F43: 9999 | G43: 9999 | H43: 9999 | I43: 9999 | J43: 9999
A44: ERYNGIUM | C44: TINTED & GLITTERED | E44: 9999 | F44: 9999 | G44: 9999 | H44: 9999 | I44: 9999 | J44: 9999
A45: EUCALIPTUS | E45: 0.25 | F45: 0.3 | G45: 0.25 | H45: 0.25 | I45: 0.25 | J45: 0.25
A46: EUCALIPTUS | C46: TINTED OR GLITTERED | E46: 0.27 | F46: 0.32 | G46: 0.27 | H46: 0.27 | I46: 0.27 | J46: 0.27
A47: EUCALIPTUS | C47: TINTED & GLITTERED | E47: 0.28 | F47: 0.33 | G47: 0.28 | H47: 0.28 | I47: 0.28 | J47: 0.28
A48: FLAX | E48: 0.25 | F48: 0.25 | G48: 0.25 | H48: 0.25 | I48: 0.25 | J48: 0.25
A49: GARDEN ROSES | E49: 1 | F49: 1.25 | G49: 1.15 | H49: 1.15 | I49: 1.15 | J49: 1.15
A50: GERBERA | E50: 0.4 | F50: 0.5 | G50: 0.45 | H50: 0.45 | I50: 0.45 | J50: 0.45
A51: GERBERA | C51: TINTED | E51: 9999 | F51: 9999 | G51: 9999 | H51: 9999 | I51: 9999 | J51: 9999
A52: GERBERA GERRONDO | E52: 0.4 | F52: 0.5 | G52: 0.45 | H52: 0.45 | I52: 0.45 | J52: 0.45
A53: GERBERA SPIDER | E53: 0.4 | F53: 0.5 | G53: 0.45 | H53: 0.45 | I53: 0.45 | J53: 0.45
A54: GYPSOPHILA | E54: 0.4 | F54: 0.45 | G54: 0.45 | H54: 0.45 | I54: 0.45 | J54: 0.45
A55: GYPSOPHILA | C55: TINTED & GLITTERED | E55: 9999 | F55: 9999 | G55: 9999 | H55: 9999 | I55: 9999 | J55: 9999
A56: GYPSOPHILA | C56: TINTED | E56: 9999 | F56: 9999 | G56: 9999 | H56: 9999 | I56: 9999 | J56: 9999
A57: GYPSOPHILA | C57: GLITTERED | E57: 9999 | F57: 9999 | G57: 9999 | H57: 9999 | I57: 9999 | J57: 9999
A58: HYDRANGEA | E58: 1.25 | F58: 1.5 | G58: 1.35 | H58: 1.35 | I58: 1.35 | J58: 1.35
A59: HYPERYCUM | E59: 0.4 | F59: 0.5 | G59: 0.45 | H59: 0.45 | I59: 0.45 | J59: 0.45
A60: HYPERYCUM | C60: GLITTERED | E60: 9999 | F60: 9999 | G60: 9999 | H60: 9999 | I60: 9999 | J60: 9999
A61: LEATHER LEAF | E61: 0.25 | F61: 0.3 | G61: 0.25 | H61: 0.25 | I61: 0.25 | J61: 0.25
A62: LEATHER LEAF | C62: TINTED OR GLITTERED | E62: 0.27 | F62: 0.32 | G62: 0.27 | H62: 0.27 | I62: 0.27 | J62: 0.27
A63: LEATHER LEAF | C63: TINTED & GLITTERED | E63: 0.28 | F63: 0.33 | G63: 0.28 | H63: 0.28 | I63: 0.28 | J63: 0.28
A64: LEUCADENDRON | E64: 0.35 | F64: 0.45 | G64: 0.4 | H64: 0.4 | I64: 0.4 | J64: 0.4
A65: LILLY GRASS | E65: 0.25 | F65: 0.25 | G65: 0.25 | H65: 0.25 | I65: 0.25 | J65: 0.25
A66: LIMONIUM | E66: 0.4 | F66: 0.5 | G66: 0.45 | H66: 0.45 | I66: 0.45 | J66: 0.45
A67: LIMONIUM | C67: TINTED & GLITTERED | E67: 9999 | F67: 9999 | G67: 9999 | H67: 9999 | I67: 9999 | J67: 9999
A68: LIMONIUM | C68: TINTED | E68: 9999 | F68: 9999 | G68: 9999 | H68: 9999 | I68: 9999 | J68: 9999
A69: LIMONIUM | C69: GLITTERED | E69: 9999 | F69: 9999 | G69: 9999 | H69: 9999 | I69: 9999 | J69: 9999
A70: MATSUMOTO | E70: 0.38 | F70: 0.45 | G70: 0.4 | H70: 0.4 | I70: 0.4 | J70: 0.4
A71: MICRO | E71: 0.28 | F71: 0.33 | G71: 0.31 | H71: 0.31 | I71: 0.31 | J71: 0.31
A72: MICRO | C72: GLITTERED | E72: 9999 | F72: 9999 | G72: 9999 | H72: 9999 | I72: 9999 | J72: 9999
A73: MICROPOMPON | E73: 0.28 | F73: 0.33 | G73: 0.31 | H73: 0.31 | I73: 0.31 | J73: 0.31
A74: MICROPOMPON | C74: TINTED | E74: 0.3 | F74: 0.35 | G74: 0.33 | H74: 0.33 | I74: 0.33 | J74: 0.33
A75: MINI HYDRANGEA | E75: 0.85 | F75: 1.05 | G75: 0.95 | H75: 0.95 | I75: 0.95 | J75: 0.95
A76: HYDRAGEA | E76: 9999 | F76: 9999 | G76: 9999 | H76: 9999 | I76: 9999 | J76: 9999
A77: HYDRAGEA | C77: TINTED | E77: 9999 | F77: 9999 | G77: 9999 | H77: 9999 | I77: 9999 | J77: 9999
A78: MINICARNATION | E78: 0.3 | F78: 0.35 | G78: 0.32 | H78: 0.32 | I78: 0.32 | J78: 0.32
A79: MINICARNATION | C79: TINTED | E79: 9999 | F79: 9999 | G79: 9999 | H79: 9999 | I79: 9999 | J79: 9999
A80: MOLUCELLA | E80: 0.35 | F80: 0.37 | G80: 0.37 | H80: 0.37 | I80: 0.37 | J80: 0.37
A81: MUMS | E81: 0.35 | F81: 0.37 | G81: 0.37 | H81: 0.37 | I81: 0.37 | J81: 0.37
A82: MUMS | C82: TINTED | E82: 0.38 | F82: 0.4 | G82: 0.4 | H82: 0.4 | I82: 0.4 | J82: 0.4
A83: NOVELTY | E83: 0.28 | F83: 0.33 | G83: 0.31 | H83: 0.31 | I83: 0.31 | J83: 0.31
A84: NOVELTY | C84: TINTED | E84: 0.3 | F84: 0.35 | G84: 0.33 | H84: 0.33 | I84: 0.33 | J84: 0.33
A85: NOVELTY | C85: GLITTERED | E85: 9999 | F85: 9999 | G85: 9999 | H85: 9999 | I85: 9999 | J85: 9999
A86: NOVELTY | C86: TINTED & GLITTERED | E86: 999 | F86: 999 | G86: 999 | H86: 999 | I86: 999 | J86: 999
A87: ORIENTAL | E87: 1.25 | F87: 1.35 | G87: 1.3 | H87: 1.3 | I87: 1.3 | J87: 1.3
A88: PHOENIX ROEBELENII | E88: 0.25 | F88: 0.3 | G88: 0.25 | H88: 0.25 | I88: 0.25 | J88: 0.25
A89: PHOENIX ROEBELENII | C89: TINTED OR GLITTERED | E89: 0.27 | F89: 0.32 | G89: 0.27 | H89: 0.27 | I89: 0.27 | J89: 0.27
A90: PHOENIX ROEBELENII | C90: TINTED & GLITTERED | E90: 0.28 | F90: 0.33 | G90: 0.28 | H90: 0.28 | I90: 0.28 | J90: 0.28
A91: PHOTINIA | E91: 0.25 | F91: 0.25 | G91: 0.25 | H91: 0.25 | I91: 0.25 | J91: 0.25
A92: PITTOSPORUM | E92: 0.25 | F92: 0.25 | G92: 0.25 | H92: 0.25 | I92: 0.25 | J92: 0.25
A93: POMPON | C93: TINTED & GLITTERED | E93: 9999 | F93: 9999 | G93: 9999 | H93: 9999 | I93: 9999 | J93: 9999
A94: POMPON | C94: TINTED | E94: 9999 | F94: 9999 | G94: 9999 | H94: 9999 | I94: 9999 | J94: 9999
A95: POMPON | C95: GLITTERED | E95: 9999 | F95: 9999 | G95: 9999 | H95: 9999 | I95: 9999 | J95: 9999
A96: ROSES | B96: COLOMBIA | C96: RED | D96: 40 | E96: 0.38 | F96: 0.9 | G96: 0.4 | H96: 0.4 | I96: 0.4 | J96: 0.4
A97: ROSES | B97: COLOMBIA | C97: RED | D97: 50 | E97: 0.4 | F97: 1 | G97: 0.45 | H97: 0.45 | I97: 0.45 | J97: 0.45
A98: ROSES | B98: COLOMBIA | C98: RED | D98: 60 | E98: 0.45 | F98: 1.25 | G98: 0.5 | H98: 0.5 | I98: 0.5 | J98: 0.5
A99: ROSES | B99: COLOMBIA | C99: COLOR | D99: 40 | E99: 0.38 | F99: 0.5 | G99: 0.4 | H99: 0.4 | I99: 0.4 | J99: 0.4
A100: ROSES | B100: COLOMBIA | C100: COLOR | D100: 50 | E100: 0.4 | F100: 0.6 | G100: 0.45 | H100: 0.45 | I100: 0.45 | J100: 0.45
...

Sheet FL-CO
A1: NOMBRE PARA LA BASE DE DATOS | B1: CO_ROSES_SPRAY | C1: CO_STOCK_DOUBLE | D1: CO_STOCK_STARLET | E1: CO_MINIHYDRANGEA | F1: CO_ALSTROEMERIA | G1: CO_ARALIA | H1: CO_ASIATIC | I1: CO_ASPIDISTRA | J1: CO_ASTER | K1: CO_BRASSICAS | L1: CO_BUTTON | M1: CO_CARNATION | N1: CO_CEDAR | O1: CO_COCCULOS | P1: CO_CORDYLINE | Q1: CO_CREMON | R1: CO_CROTTON | S1: CO_CUSHION | T1: CO_DAISY | U1: CO_DIANTHUS | V1: CO_DIANTHUS | W1: CO_BONBON_DISBUD | X1: CO_ERYNGIUM | Y1: CO_EUCALIPTUS | Z1: CO_GARDEN_ROSES | AA1: CO_GERBERA | AB1: CO_GERBERA_GERONDO | AC1: CO_GREVILLEAS | AD1: CO_GYPSOPHILA | AE1: CO_HYDRANGEA | AF1: CO_HYPERYCUM | AG1: CO_LEATHER_LEAF | AH1: CO_LEUCADENDRON | AI1: CO_LILLY_GRASS | AJ1: CO_LIMONIUM | AK1: CO_MATSUMOTO | AL1: CO_MICRO_POMS | AM1: CO_MINICARNATION | AN1: CO_MOLUCELLA | AO1: CO_MUMS | AP1: CO_NOVELTY | AQ1: CO_ORIENTAL | AR1: CO_PHOENIX_ROEBELENII | AS1: CO_PHOTINIA | AT1: CO_PITTOSPORUM | AU1: CO_ROSES | AV1: CO_RUSCUS | AW1: CO_SANTINI | AX1: CO_SNAP_DRAGON | AY1: CO_SOLIDAGO | AZ1: CO_SPIDER | BA1: CO_STAR_OF_BETHELEHEM | BB1: CO_STATICE | BC1: CO_SUNFLOWER | BD1: CO_TREEFERN | BE1: CO_VIBURNUM | BF1: CO_MINICALLAS | BG1: CO_CALLAS | BH1: CO_SALAL | BI1: XXX
A2: 1 | B2: ASSORTED | C2: ASSORTED | D2: ASSORTED | E2: GREEN | F2: ASSORTED | G2: GREEN | H2: ASSORTED | I2: ASSORTED | J2: ASSORTED | K2: ASSORTED | L2: ASSORTED | M2: ASSORTED | N2: GREEN | O2: GREEN | P2: BURGUNDY | Q2: ASSORTED | R2: BURGUNDY | S2: ASSORTED | T2: ASSORTED | U2: ASSORTED | V2: ASSORTED | W2: WHITE | X2: ASSORTED | Y2: GREEN | Z2: ASSORTED | AA2: ASSORTED | AB2: PEACH | AC2: GREEN | AD2: ASSORTED | AE2: ANTIQUE | AF2: ASSORTED | AG2: GREEN | AH2: GREEN | AI2: GREEN | AJ2: ASSORTED | AK2: ASSORTED | AL2: WHITE | AM2: ASSORTED | AN2: GREEN | AO2: ASSORTED | AP2: ASSORTED | AQ2: ASSORTED | AR2: GREEN | AS2: GREEN | AT2: GREEN | AU2: ASSORTED | AV2: GREEN | AW2: ASSORTED | AX2: ASSORTED | AY2: ASSORTED | AZ2: ASSORTED | BA2: WHITE | BB2: ASSORTED | BC2: RED | BD2: GREEN | BE2: GREEN | BF2: WHITE | BG2: WHITE | BH2: GREEN
A3: 2 | B3: BURGUNDY | C3: BLUE | D3: BLUE | E3: WHITE | F3: BURGUNDY | G3: XXX | H3: BURGUNDY | I3: GREEN | J3: BLUE | K3: DORADO | L3: BRONZE | M3: BURGUNDY | N3: XXX | O3: XXX | P3: GREEN | Q3: BRONZE | R3: GREEN | S3: BRONZE | T3: BRONZE | U3: GREEN | V3: GREEN | W3: BRONZE | X3: BLUE | Y3: XXX | Z3: CREAM | AA3: BLUE | AB3: PINK | AC3: XXX | AD3: ORANGE | AE3: ASSORTED | AF3: BRONZE | AG3: XXX | AH3: RED | AI3: XXX | AJ3: BLUE | AK3: BLUE | AL3: BRONZE | AM3: BURGUNDY | AN3: WHITE | AO3: BRONZE | AP3: BRONZE | AQ3: DARK PINK | AR3: XXX | AS3: RED | AT3: XXX | AU3: BRONZE | AV3: XXX | AW3: BRONZE | AX3: BLUE | AY3: YELLOW | AZ3: BRONZE | BA3: XXX | BB3: BLACK | BC3: WHITE | BD3: XXX | BE3: XXX | BF3: YELLOW | BG3: XXX | BH3: XXX
A4: 3 | B4: CREAM | C4: BURGUNDY | D4: BURGUNDY | E4: XXX | F4: CREAM | H4: HOT PINK | I4: XXX | J4: CHERRY | K4: PLATEADO | L4: GREEN | M4: CREAM | P4: RED | Q4: CREAM | R4: XXX | S4: BRONZE LIGHT | T4: BRONZE LIGHT | U4: HOT PINK | V4: HOT PINK | W4: YELLOW | X4: GREEN | Z4: HOT PINK | AA4: BURGUNDY | AB4: RED | AD4: PINK | AE4: BLUE | AF4: BROWN | AH4: XXX | AJ4: BRONZE | AK4: HOT PINK | AL4: LAVENDER | AM4: CREAM | AN4: XXX | AO4: LAVENDER | AP4: BURGUNDY | AQ4: HOT PINK | AS4: XXX | AU4: CREAM | AW4: GREEN | AX4: BURGUNDY | AY4: XXX | AZ4: GREEN | BB4: BLUE | BC4: YELLOW | BF4: ORANGE
A5: 4 | B5: DARK PINK | C5: HOT PINK | D5: HOT PINK | F5: DARK PINK | H5: LIGHT PINK | J5: CREAM | K5: PURPLE | L5: LAVENDER | M5: DARK PURPLE | P5: VARIEGATED | Q5: GREEN | S5: CONFETI BLUE | T5: BRONZE ORANGE | U5: PINK | V5: PINK | W5: LAVENDER | X5: LIME GREEN | Z5: MEDIUM PINK | AA5: CREAM | AB5: WHITE | AD5: WHITE | AE5: GREEN | AF5: BURGUNDY | AJ5: HOT PINK | AK5: LAVENDER | AL5: PINK | AM5: GREEN | AO5: PINK | AP5: GREEN | AQ5: LIGHT PINK | AU5: GREEN | AW5: PINK | AX5: CREAM | AZ5: LAVENDER | BB5: CREAM | BC5: XXX | BF5: PINK
A6: 5 | B6: GREEN | C6: LAVENDER | D6: LAVENDER | F6: GREEN | H6: ORANGE | J6: HOT PINK | K6: WHITE | L6: PINK | M6: GREEN | P6: XXX | Q6: HOT PINK | S6: CONFETI GREEN | T6: BRONZE RED | U6: PURPLE | V6: PURPLE | W6: PURPLE | X6: PURPLE | Z6: PEACH | AA6: GREEN | AB6: YELLOW | AD6: XXX | AE6: LAVENDER | AF6: CREAM | AJ6: LAVENDER | AK6: PINK | AL6: GREEN | AM6: HOT PINK | AO6: PURPLE | AP6: LAVENDER | AQ6: PEACH | AU6: HOT PINK | AW6: PURPLE | AX6: LAVENDER | AZ6: ORANGE | BB6: HOT PINK | BF6: LAVENDER
A7: 6 | B7: HOT PINK | C7: PEACH | D7: PEACH | F7: HOT PINK | H7: PEACH | J7: LAVENDER | K7: XXX | L7: PURPLE | M7: HOT PINK | Q7: LAVENDER | S7: CONFETI ORANGE | T7: BURGUNDY | U7: RED | V7: RED | W7: RED | X7: WHITE | Z7: PINK | AA7: HOT PINK | AB7: XXX | AE7: LIGHT BLUE | AF7: GREEN | AJ7: PINK | AK7: PURPLE | AL7: YELLOW | AM7: LAVENDER | AO7: WHITE | AP7: ORANGE | AQ7: PINK | AU7: LAVENDER | AW7: RED | AX7: ORANGE | AZ7: PINK | BB7: LAVENDER | BF7: PURPLE
A8: 7 | B8: LAVENDER | C8: PINK | D8: PINK | F8: LAVENDER | H8: PINK | J8: PINK | L8: RED | M8: LAVENDER | Q8: ORANGE | S8: CONFETI PINK | T8: GREEN | U8: XXX | V8: XXX | W8: XXX | X8: XXX | Z8: RED | AA8: LAVENDER | AE8: PINK | AF8: NOVELTIES | AJ8: PURPLE | AK8: RED | AL8: PURPLE | AM8: LAVENDER ANTIQUE | AO8: YELLOW | AP8: PINK | AQ8: RED | AU8: LIGHT PINK | AW8: WHITE | AX8: PINK | AZ8: PURPLE | BB8: PINK | BF8: XXX
A9: 8 | B9: LIGHT PINK | C9: PURPLE | D9: PURPLE | F9: NOVELTY | H9: RED | J9: PURPLE | L9: WHITE | M9: LAVENDER ANTIQUE | Q9: PEACH | S9: CONFETI RAINBOW | T9: LAVENDER | Z9: WHITE | AA9: LIGHT PINK | AE9: PURPLE | AF9: NOVELTY | AJ9: WHITE | AK9: WHITE | AL9: XXX | AM9: LIGHT PINK | AO9: XXX | AP9: PURPLE | AQ9: WHITE | AU9: MEDIUM PINK | AW9: YELLOW | AX9: PURPLE | AZ9: RED | BB9: PURPLE
A10: 9 | B10: MEDIUM PINK | C10: WHITE | D10: WHITE | F10: ORANGE | H10: WHITE | J10: RED | L10: YELLOW | M10: LIGHT PINK | Q10: PINK | S10: CONFETI RED | T10: PINK | Z10: YELLOW | AA10: MEDIUM PINK | AE10: RED | AF10: ORANGE | AJ10: YELLOW | AK10: YELLOW | AM10: NOVELTY | AP10: RED | AQ10: YELLOW | AU10: NOVELTY | AW10: XXX | AX10: RED | AZ10: WHITE | BB10: WHITE
A11: 10 | B11: NOVELTIES | C11: YELLOW | D11: YELLOW | F11: PEACH | H11: YELLOW | J11: WHITE | L11: XXX | M11: NOVELTY | Q11: PINK DARK | S11: CONFETI YELLOW | T11: PINK DARK | Z11: XXX | AA11: NOVELTY | AE11: WHITE | AF11: PEACH | AJ11: XXX | AK11: XXX | AM11: NOVELTY ORANGE | AP11: WHITE | AQ11: XXX | AU11: NOVELTY YELLOW | AX11: WHITE | AZ11: YELLOW | BB11: YELLOW
A12: 11 | B12: NOVELTY | C12: XXX | D12: XXX | F12: PINK | H12: XXX | J12: YELLOW | M12: ORANGE | Q12: PURPLE | S12: CREAM | T12: PURPLE | AA12: ORANGE | AE12: YELLOW | AF12: PINK | AM12: NOVELTY PEACH | AP12: YELLOW | AU12: ORANGE | AX12: YELLOW | AZ12: XXX | BB12: XXX
A13: 12 | B13: ORANGE | F13: PURPLE | J13: XXX | M13: PEACH | Q13: RED | S13: GREEN | T13: RED | AA13: PEACH | AE13: XXX | AF13: PURPLE | AM13: NOVELTY YELLOW | AP13: XXX | AU13: PEACH | AX13: XXX
A14: 13 | B14: ORIGAMY | F14: RAINBOW | M14: PEPERMINT | Q14: WHITE | S14: LAVENDER | T14: WHITE | AA14: PINK | AF14: RED | AM14: ORANGE | AU14: PINK
A15: 14 | B15: PEACH | F15: RED | M15: PINK | Q15: YELLOW | S15: PINK | T15: YELLOW | AA15: PURPLE | AF15: SILVER | AM15: PEACH | AU15: PURPLE
A16: 15 | B16: PINK | F16: WHITE | M16: PURPLE | Q16: XXX | S16: PURPLE | T16: XXX | AA16: RAINBOW | AF16: WHITE | AM16: PEPERMINT | AU16: RAINBOW
A17: 16 | B17: PURPLE | F17: YELLOW | M17: PURPLE NOVELTY | S17: RED | AA17: RED | AF17: YELLOW | AM17: PINK | AU17: RED
A18: 17 | B18: RED | F18: XXX | M18: RAINBOW | S18: WHITE | AA18: WHITE | AF18: XXX | AM18: PINK ANTIQUE | AU18: WHITE
A19: 18 | B19: WHITE | M19: RED | S19: YELLOW | AA19: YELLOW | AM19: PURPLE | AU19: YELLOW
A20: 19 | B20: YELLOW | M20: WHITE | S20: XXX | AA20: XXX | AM20: RED | AU20: XXX
A21: 20 | B21: XXX | M21: YELLOW | AM21: WHITE
A22: 21 | M22: XXX | AM22: YELLOW
AM23: XXX

Sheet FL-GR
A1: ROSES | B1: ALSTROEMERIA | C1: ROSES_SPRAY | D1: LIMONIUM | E1: STATICE | F1: MINICARNATION | G1: ASTER | H1: CARNATION | I1: STOCK_DOUBLE | J1: STOCK_STARLET | K1: SUNFLOWER | L1: GERBERA | M1: GYPSOPHILA | N1: CALLAS | O1: MATSUMOTO | P1: SPIDER | Q1: CREMON | R1: SNAP_DRAGON | S1: EUCALIPTUS | T1: LEATHER_LEAF | U1: SALAL | V1: STAR_OF_BETHELEHEM | W1: TREEFERN | X1: RUSCUS | Y1: MOLUCELLA | Z1: HYPERYCUM | AA1: HYDRANGEA | AB1: PITTOSPORUM | AC1: CEDAR | AD1: LEUCADENDRON | AE1: VIBURNUM | AF1: PHOTINIA | AG1: PHOENIX_ROEBELENII | AH1: ERYNGIUM | AI1: COCCULOS | AJ1: CORDYLINE | AK1: DIANTHUS | AL1: LILLY_GRASS | AM1: BRASSICAS | AN1: GREVILLEAS | AO1: ASPIDISTRA | AP1: SOLIDAGO | AQ1: CROTTON | AR1: MUMS | AS1: GERBERA_GERRONDO | AT1: SANTINI | AU1: ARALIA | AV1: GARDEN_ROSES | AW1: ASIATIC | AX1: BUTTON | AY1: CUSHION | AZ1: DAISY | BA1: NOVELTY_POM | BB1: ORIENTAL | BC1: MICRO_POMS | BD1: MINIHYDRANGEA | BE1: DIANTHUS_-_GREEN_BALL
A2: 40 CM | B2: PREMIUM | C2: 40 CM | D2: SEL | E2: SEL | F2: PREMIUM | G2: SEL | H2: PREMIUM | I2: SEL | J2: SEL | K2: PETITE | L2: SELECT | M2: SEL | N2: FANCY | O2: SEL | P2: PREMIUM | Q2: FANCY | R2: SEL | S2: SEL | T2: SEL | U2: - | V2: - | W2: SEL | X2: SEL | Y2: - | Z2: SEL | AA2: FANCY | AB2: - | AC2: SEL | AD2: - | AE2: - | AF2: SEL | AG2: - | AH2: - | AI2: - | AJ2: - | AK2: SEL | AL2: - | AM2: FANCY | AN2: - | AO2: - | AP2: SEL | AQ2: SEL | AR2: PREMIUM | AS2: FANCY | AT2: - | AU2: - | AV2: - | AW2: PREMIUM | AX2: PREMIUM | AY2: PREMIUM | AZ2: PREMIUM | BA2: PREMIUM | BB2: PREMIUM | BC2: - | BD2: FANCY | BE2: -
A3: 50 CM | B3: STANDARD | C3: 50 CM | F3: STANDARD | H3: STANDARD | L3: FANCY | N3: SELECT | P3: SELECT | Q3: SELECT | AA3: SELECT | AM3: SELECT | AR3: FANCY | AS3: SELECT | AW3: STANDARD | AX3: STANDARD | AY3: SELECT | AZ3: SELECT | BA3: SELECT | BB3: STANDARD | BD3: SELECT
A4: 60 CM | B4: FANCY | F4: FANCY | H4: FANCY | L4: PREMIUM | P4: FANCY | Q4: STANDARD | AA4: STANDAR | AR4: SELECT | AS4: STANDAR | AW4: FANCY | AX4: FANCY | AY4: STANDARD | AZ4: STANDARD | BA4: STANDARD | BB4: FANCY | BD4: STANDAR
A5: 70 CM | B5: SELECT | F5: SELECT | H5: SELECT | L5: STANDARD | P5: STANDARD | AW5: SELECT | AX5: SELECT | AY5: FANCY | AZ5: FANCY | BA5: FANCY | BB5: SELECT
B6: SUPER PREMIUM

Sheet BICOLOR
B1: BC_ALSTROEMERIA | C1: BC_ASIATIC | D1: BC_BRASSICAS | E1: BC_CALLAS | F1: BC_CARNATION | G1: BC_CORDYLINE | H1: BC_CREMON | I1: BC_CUSHION | J1: BC_DAISY | K1: BC_BONBON_DISBUD | L1: BC_GERBERA | M1: BC_GERBERA_GERONDO | N1: BC_HYDRANGEA | O1: BC_LEUCADENDRON | P1: BC_LILLY_GRASS | Q1: BC_MINICARNATION | R1: BC_NOVELTY | S1: BC_ROSES | T1: BC_SNAP_DRAGON | U1: BC_SPIDER | V1: BC_ROSES_SPRAY | W1: BC_MATSUMOTO | X1: BC_LIRIOS | Y1: XXX
A2: 1 | B2: BICOLOR | C2: BICOLOR YELLOW/ORANGE | D2: TRICOLOR GREEN - WHITE - PURPLE | E2: BICOLOR WHITE - PURPLE | F2: ANTIQUE PINK-WHITE | G2: BICOLOR | H2: BICOLOR BRONZE YELLOW | I2: BICOLOR BRONZE | J2: BICOLOR BRONZE | K2: BICOLOR WHITE - BROWN | L2: BICOLOR | M2: BICOLOR WHITE - PINK | N2: BICOLOR | O2: BICOLOR | P2: BICOLOR WHITE - GREEN | Q2: BIC CREAM-BURGUNDY | R2: BICOLOR LAVENDER - PURPLE | S2: BICOLOR | T2: BICOLOR WHITE - RED | U2: BICOLOR BRONZE - YELLOW | V2: BICOLOR | W2: BICOLOR WHITE-PURPLE | X2: BICOLOR YELLOW/ORANGE
A3: 2 | B3: BICOLOR HOT PINK | C3: XXX | D3: XXX | E3: XXX | F3: BICOLOR | G3: BICOLOR GREEN WHITE | H3: BICOLOR CREAM BRONZE | I3: BICOLOR WHITE - LAVENDER | J3: BICOLOR BRONZE YELLOW | K3: BICOLOR WHITE - PINK | L3: BICOLOR CREAM RED | M3: BICOLOR YELLOW | O3: BICOLOR RED - GREEN | P3: GREEN-WHITE | Q3: BIC HOT PINK-WHITE | R3: BICOLOR LAVENDER GREEN | S3: BICOLOR CREAM RED | T3: XXX | U3: BICOLOR WHITE GREEN | V3: BICOLOR CREAM PINK | W3: XXX | X3: XXX
